Last Update,14 April,,My Challenger accs using the comps below:,,Twitch if you still have questions:,,,,,
,,,https://lolchess.gg/profile/euw/sologesang2,,https://twitch.tv/sologesang,,,,,
,,,https://lolchess.gg/profile/euw/sologesang,,,,,,,
,,,,,,,,,,
,,,,,,,,,,
RANKING,CARRIES (first champ = main carry),AUGMENT NEEDED,SYNERGIES,ITEMS & POSITIONING,1st CAROUSEL,CORE ITEMS,DIFFICULTY,ROLLING,EARLY / MID GAME (first champ = itemholder),
TIER 1,"LeBlanc3, Pyke3 ... Hacker",,Admin Hacker,https://tactics.tools/s/TtJM8Z,"Tear, Rod",,Easy - Medium,"Level 6, then 7 slowroll","LeBlanc, Blitz, Shen, Pyke, Sona, Lee Sin",
TIER 1,"Lucian3, Blitzcrank3",,Quickdraw Renegade Admin,https://tactics.tools/s/xac-wJ,"Tear, Rod, Belt, Cloak",,Easy,Level 4 hyper & 5 slowroll,"Lucian, Sylas, Camille, Blitzcrank, Ezreal, Kaisa",
TIER 1,"Lucian3, Pantheon3",CARRY PANTHEON / SYLAS,InfiniTeam Renegade,https://tactics.tools/s/i1F7ko,"Tear, Rod, Belt, Cloak",,Easy,Level 4 hyper & 5 slowroll,"Lucian, Sylas, Camille, Pantheon, Shen, Ezreal",
TIER 1,Kai'Sa3 ... StarGuardian,,Quickdraw StarGuardian,https://tactics.tools/s/quOBfi,"Bow, Tear, Rod",,Easy - Medium,Level 6/7/8,"Kai'Sa, Ezreal, Wukong, Rell, Riven, Poppy",
TIER 1,Gnar3,,Gadgeteen,https://tactics.tools/s/kgDMp7,"Bow, Sword",,Medium,Level 6/7/8,"Gnar, Annie, Poppy, Shen, LeBlanc, Pyke",
TIER 1,Samira/Ezreal or Twisted Fate,,InfiniTeam Sureshot,https://tactics.tools/s/r8iXBg,"Bow, Sword",,Medium - Hard,Level 6/7/8,"Sivir, Shen, Pantheon, Lee, Riven, Ashe",
TIER 1,Twisted Fate or Neeko ... OxForce,,Spellslinger OxForce,https://tactics.tools/s/7_b4Sy,"Bow, Tear, Rod",Statikks,Medium,Level 6/7/8,"Lux, Annie, Poppy, Rell, Lulu, Fiora",
TIER 2,Warwick ... Lasercorps,,Lasercorps,https://tactics.tools/s/-J1S9o,"Bow, Chain, Sword",,Medium,Level 7/8,"Ashe, Renekton, Yasuo, Blitzcrank, VI, Lee",
TIER 2,Warwick ... Brawler,,Brawler,https://tactics.tools/s/QKF9Gk,"Bow, Glove, Sword",,Medium,Level 7/8,"Renekton or Jax, Blitzcrank, Camille, VI, Lee",
TIER 2,"Ashe3, Renekton3 ... Lasercorps",LASER FOCUS,Lasercorps Brawler,https://tactics.tools/s/HFeG12,"Bow, Sword",Last Whisper,Easy,Level 4 hyper & 5 slowroll,"Ashe, Renekton, Blitzcrank, Yasuo, VI, Lee",
TIER 2,"Aurelion Sol, Bel'Veth, Garen",,Threat Mecha,https://tactics.tools/s/-c-Bpm,"Tear, Sword",,Medium - Hard,Level 7/8,"Lucian, Camille, Sylas, Shen, Pantheon, Riven",
TIER 2,Vex3 ... Mascot,,Mascot Riftwalker,https://tactics.tools/s/itbQ_D,"Tear, Rod, Belt, Chain",,Easy - Medium,Level 6 into 7 slowroll,"Vex, Malph, Alistar, Nasus, Morgana, Pyke",
TIER 2,"Jhin, Viego ... Aegis",,Riftwalker Aegis,https://tactics.tools/s/BE6XSy,"Bow, Sword, Glove",,Medium - Hard,Level 7/8,"Sivir, Shen, Pantheon, Lee, Riven, Ashe",
TIER 2,Vayne3 ... SPREADSHOT,SPREADSHOT,AnimaSquad Duelist,https://tactics.tools/s/YFZxJT,Sword,,Easy - Medium,Level 6 into 7 slowroll,"Vayne, Riven, Jinx, Nasus, Sylas, Nilah",
TIER 2,Miss Fortune,,AnimaSquad ,https://tactics.tools/s/RnTFva,"Rod, Tear, Belt",,Easy - Medium,Level 6/7/8,"Jinx, Vayne, Nasus, Sylas, Riven, VI",
TIER 2,"Jhin, Garen ... Mecha",,Riftwalker Mecha,https://tactics.tools/s/BeNfZ0,"Bow, Sword, Glove",,Medium - Hard,Level 7/8,"Sivir, Shen, Pantheon, Lee, Riven, Ashe",
TIER 2,Lulu3 ... Hacker,GROWTH SPURT,Gadgeteen Hacker,https://tactics.tools/s/b_DYwQ,Tear,Shojin or Blue Buff,Easy,Level 4 hyper & 5 slowroll,"Lulu, Poppy, Annie, Shen, LeBlanc, Pyke",
TIER 2,Lulu3 ... Supers,LULU or PANTHEON CARRY,Supers Heart,https://tactics.tools/s/tIhcKO,"Tear, Rod, Belt, Chain",Shojin or Blue Buff,Easy,"Level 4 hyper & 5,6 slowroll","Lulu, Pantheon, Malphite, Lee, GP",
TIER 3,Draven3 ... Hacker,DRAVEN SUPPORT > CARRY,Mecha Hacker,https://tactics.tools/s/pYy3X1,"Sword, Glove, Bow",,Easy,Level 6 slowroll,"Draven, Shen, LeBlanc, Pyke, Wukong, Jax",
TIER 3,Draven3 ... Supers,DRAVEN SUPPORT > CARRY,Supers Mecha,https://tactics.tools/s/ykA_wK,"Sword, Glove, Bow",,Easy,Level 6 slowroll,"Draven, Malphite, Lee, GP, Wukong, Jax",
TIER 3,"Sivir3, Pantheon3",TIME AND A HALF,InfiniTeam Sureshot,https://tactics.tools/s/qyxze6,"Bow, Glove",,Easy - Medium,Level 5 & 6 slowroll,"Sivir, Pantheon, Shen, Riven, Lee Sin, Ashe",
TIER 3,Jax3 ... Brawler,,Brawler Mecha,https://tactics.tools/s/ouo9ys,Bow,,Easy - Medium,Level 6/7/8,"Jax, Renekton, Blitzcrank, VI, Lee, Riven",
TIER 3,Jax3 ... Hacker,,Brawler Mecha Hacker,https://tactics.tools/s/T5KJ_u,Bow,,Easy - Medium,Level 6/7/8,"Jax, Wukong, Draven, Shen, LeBlanc, Blitzcrank",
TIER 3,Sona3 or LeBLanc3 ... Spellslinger,,Spellslinger Heart,https://tactics.tools/s/XIMAkr,"Tear, Rod",,Medium,Level 6/7/8,"Sona, Blitz, Lee, Lulu, Pantheon, LeBlanc",
TIER 3,"VI3, Ezreal3",UNRELENTING FORCE,Supers Quickdraw,https://tactics.tools/s/zuexfp,"Tear, Rod, Belt, Chain",,Easy - Medium,Level 6 slowroll,"Ezreal, Sona, VI, Lee, Malphite, GP",
TIER 3,Fiora3,GRAND CHALLENGE,Duelist OxForce,https://tactics.tools/s/K9KJZr,"Chain, Belt, Sword",,Easy,Level 6 slowroll or 6/7/8,"Fiora, GP, Kayle, Yasuo, Nilah, Vayne",
TIER 3,Vayne3 or Twisted Fate,,Duelist,https://tactics.tools/s/gsY6-t,"Sword, Chain",Locket,Medium,Level 6/7/8,"Vayne, Kayle, GP, Fiora, Yasuo, Nilah",
TIER 3,"Samira, Miss Fortune, Garen",BUILT DIFFERENT,BUILT DIFFERENT MECHA,https://tactics.tools/s/fkv321,,,Hard,,"Vayne, Shen, VI, Rammus, Sona, Pyke",
TIER 4,Shen ... NEEDS SHEN CARRY AUGMENT,TIME KNIFE,Defender,https://tactics.tools/s/1k5Xu_,"Chain, Bow",,Easy - Medium,Level 6/7/8,"Shen, Wukong, Poppy, Rell, Lucian, Sivir",
TIER 4,Renekton3,REIGN OF ANGER,Brawler,https://tactics.tools/s/mw_Hbs,"Bow, Sword, Belt",,Easy,Level 4 hyper & 5 slowroll,"Renekton, Blitzcrank, VI, Lee, Riven, Jax",
TIER 4,Kayle3,DIVINE ASCENT,Duelist,https://tactics.tools/s/1OUfh7,"Bow, Sword, Glove",,Easy,Level 4 hyper & 5 slowroll,"Kayle, Nilah, Fiora, Yasuo, GP, Vayne",
TIER 5,"Lee Sin3, Aurelion Sol or LeBLanc3 or Sona3",CLEANSING SAFEGUARD,Heart,https://tactics.tools/s/rJpyzU,"Belt, Rod, Tear",,Medium,Level 6/7/8,"Lee, Blitzcrank, Pantheon, Lulu, LeBlanc, Sona",
,,,,,,,,,,
,,,,,,,,,,
CARRY,ITEMS NOT IN ORDER OF STRENGTH (check the links above for BIS items),,,,,,Rolling Chances & Pool Size is 29/22/18/12/10:,,,Underground Heist Loot Table (source: https://tftguides.com/set-8-0-underground-heist-tables/ ):
Ashe,"LW, Hurricane, IE, GS, DB, RB, Guardbreaker",,,,,,,,,
Bel'Veth,"LW, Hurricane, IE, GS, DB, Titans, Guardbreaker, Gunblade",,,,,,,,,
Camille,"BT/HoJ/GB, Titans, IE, GS, DB, QSS",,,,,,,,,
Draven,"LW, IE, Gunblade/BT/HoJ, GS, Guardbreaker, Hurricane, Rageblade",,,,,,,,,
Ultimate Ezreal,"LW, IE, GS, Guardbreaker, HoJ",,,,,,,,,
Ezreal,"Blue Buff or Shojin, Gunblade, GS, JG, RB, Guardbreaker, Rabadons, Archangel",,,,,,,,,
Fiddlesticks,"JG, Guardbreaker, Rabadons, Ionic Spark, Archangel, Morello",,,,,,,,,
Gangplank,"JG, HoJ/Gunblade/BT, Titans, GS, Guardbreaker, Blue Buff, RFC",,,,,,,,,
Jax,"RFC, RB, Gunblade/BT/HoJ, JG, QSS",,,,,,,,,
Jhin,"LW, IE, GS, Guardbreaker, HoJ, DB",,,,,,,,,
Kai'Sa,"Statikks, GS, Gunblade, Guardbreaker, Rageblade",,,,,,,,,
Kayle,"LW, IE, GS, Guardbreaker, Gunblade, HoJ, DB, Hurricane",,,,,,,,,
LeBlanc,"Blue Buff or Shojin, Gunblade, JG, Guardbreaker, GS, EoN / Zhonyas",,,,,,,,,
Lucian,"Blue Buff, JG, GB, Rabadons, GS",,,,,,,,,
Lulu,"Blue Buff or Shojin, Gunblade, GS, JG",,,,,,,,,
Lux,"Blue Buff or Shojin, JG, GS, Guardbreaker, Gunblade",,,,,,,,,
Miss Fortune,"Shojin, JG, Guardbreaker, Gunblade, GS, Archangel",,,,,,Player Damage,,,
Nasus,"BT/HoJ/GB, RFC, IE, GS, LW, Hurricane, Titans",,,,,,,,,
Neeko,"Shojin/Blue Buff, JG, Guardbreaker, Rabadons, Archangel, ",,,,,,,,,
Nunu,"BT/GB/HoJ, Archangel, Rabadons, JG, Morello, Warmogs",,,,,,,,,
Renekton,"BT/HoJ/GB, Titans, Warmogs, QSS, RB, GS",,,,,,,,,
Samira,"LW, IE, RB, GS, Gunblade/HoJ, Guardbreaker, DB, Hurricane",,,,,,,,,
Sivir,"LW, IE, GS, Gunblade, Guardbreaker, RB, Hurricane",,,,,,,,,
Sona,"Blue Buff or Shojin, JG, GS, Rabadons, Archangel",,,,,,,,,
Sylas,"Warmogs, Sunfire, Redemption, Dragon Claw, Bramble Vest, Stoneplate",,,,,,,,,
Talon,"Gunblade/HoJ/BT, Ionic Spark, Titans, Rabadons, JG, Guardbreaker, RFC",,,,,,Loaded Dice:,https://www.metatft.com/loaded-dice,,
Twisted Fate,"Statikks, Gunblade, GS, RB, Guardbreaker, Rabadons",,,,,,,,,
Urgot,"Thief's Glove, LW, Hurricane, IE, GS, Gunblade, Guardbreaker",,,,,,,,,
Vayne,"Shojin, Guardbreaker, Gunblade, GS, , HoJ, DB, IE",,,,,,,,,
Vex,"Blue Buff, Archangel, JG, Rabadons, GS",,,,,,,,,
Viego,"Gunblade/HoJ/BT, Ionic Spark, Titans, Rabadons, GS, Guardbreaker, Jeweled Gauntlet",,,,,,,,,
Warwick,"LW, Hurricane, Titans, GS, DB",,,,,,,,,
Yasuo,"Titans, JG, Rabadons, GS",,,,,,,,,
Zed,"EoN, Hurricane, LW, GS, QSS, BT/HoJ/Gunblade, DB, Titans",,,,,,,,,
Zoe,"Blue Buff or Shojin, Gunblade, JG, Guardbreaker, GS, Morello",,,,,,,,,
,,,,,,,,,,
,,,,,,,,,,
,,,,,,,,,,
,,,,,,,,,,
,,,,,,,,,,
,,,,,,,,,,
Good to know list,,,,,,,,,,
- if you get a component from neutral drop you have a lower chance of getting it again: bit.ly/2FYyeml ... youtu.be/r4X6HAMNbY8?t=37,,,,,,,,,,
- item combine rules will always prioritize completed items from champs on the board: twitter.com/Mortdog/status/1243255952997888000,,,,,,,,,,
- unit movement: https://twitter.com/Mortdog/status/1438610982138351627,,,,,,,,,,
,,,,,,,,,,
,,,,,,,,,,
Challenger EUW accounts I play on using the comps above:,,,,,,,,,,
https://lolchess.gg/profile/euw/sologesang,,,,,,,Augment Table posted on 11th January (source: https://old.reddit.com/r/CompetitiveTFT/comments/108lq8v/updated_augment_odds_table_for_patch_131/ and https://old.reddit.com/r/CompetitiveTFT/comments/108shoc/what_rarity_will_my_next_augment_be_set_8/ ):,,,
https://lolchess.gg/profile/euw/sologesang2,,,,,,,Changed a bit in Patch 13.5: https://www.leagueoflegends.com/de-de/news/game-updates/teamfight-tactics-patch-13-5-notes/,,,
,,,,,,,,,,
,,,,,,,,,,
"If you still have questions, feel free to ask: https://discord.gg/sologesang",,,,,,,,,,
,,,,,,,,,,
,,,,,,,,,,
,,,,,,,,,,
,,,,,,,,,,
,,,,,,,,,,
,,,,,,,,,,
,,,,,,,,,,
,,,,,,,,,,
,,,,,,,,,,
,,,,,,,,,,
,,,,,,,,,,
,,,,,,,,,,
,,,,,,,,,,
,,,,,,,,,,
,,,,,,,,,,
,,,,,,,,,,
,,,,,,,,,,
,,,,,,,,,,
,,,,,,,,,,
,,,,,,,,,,
,,,,,,,,,,
,,,,,,,,,,
,,,,,,,,,,
,,,,,,,,,,
,,,,,,,,,,
,,,,,,,,,,
,,,,,,,,,,
,,,,,,,,,,
,,,,,,,,,,
,,,,,,,,,,
,,,,,,,,,,
,,,,,,,,,,
,,,,,,,,,,
,,,,,,,,,,
,,,,,,,,,,
,,,,,,,,,,
,,,,,,,,,,
,,,,,,,Changed a bit in Patch 13.5: https://www.leagueoflegends.com/de-de/news/game-updates/teamfight-tactics-patch-13-5-notes/,,,
,,,,,,,,,,
,,,,,,,,,,
,,,,,,,,,,
,,,,,,,,,,
,,,,,,,,,,
,,,,,,,,,,
,,,,,,,,,,
,,,,,,,,,,
,,,,,,,,,,
,,,,,,,,,,
,,,,,,,,,,
,,,,,,,,,,
,,,,,,,,,,
,,,,,,,,,,
,,,,,,,,,,
,,,,,,,,,,
,,,,,,,,,,
,,,,,,,,,,
,,,,,,,,,,
,,,,,,,,,,
,,,,,,,,,,
,,,,,,,,,,
,,,,,,,,,,
,,,,,,,,,,
,,,,,,,,,,
,,,,,,,,,,
,,,,,,,,,,
,,,,,,,,,,
,,,,,,,,,,
,,,,,,,,,,
,,,,,,,,,,
,,,,,,,,,,
,,,,,,,,,,
,,,,,,,,,,
,,,,,,,,,,
,,,,,,,,,,
,,,,,,,,,,
,,,,,,,,,,
,,,,,,,,,,
,,,,,,,,,,
,,,,,,,,,,
,,,,,,,,,,
,,,,,,,,,,
,,,,,,,,,,
,,,,,,,,,,
,,,,,,,,,,
,,,,,,,,,,
,,,,,,,,,,
,,,,,,,,,,
,,,,,,,,,,
,,,,,,,Glitched Carousel Details: https://youtu.be/QUwJRX24fE4?t=601,,,
,,,,,,,,,,
,,,,,,,,,,
,,,,,,,,,,
,,,,,,,,,,
,,,,,,,,,,
,,,,,,,,,,
,,,,,,,,,,
,,,,,,,,,,
,,,,,,,,,,
,,,,,,,,,,
,,,,,,,,,,
,,,,,,,,,,
,,,,,,,,,,
,,,,,,,,,,
,,,,,,,,,,
,,,,,,,,,,
,,,,,,,,,,
,,,,,,,,,,
,,,,,,,,,,
,,,,,,,,,,
,,,,,,,,,,
,,,,,,,,,,
,,,,,,,,,,
,,,,,,,,,,
,,,,,,,,,,
,,,,,,,,,,
,,,,,,,,,,
,,,,,,,,,,
,,,,,,,,,,
,,,,,,,,,,
,,,,,,,Glitched Egg Details: https://youtu.be/QUwJRX24fE4?t=673,,,
,,,,,,,,,,
,,,,,,,,,,
,,,,,,,,,,
,,,,,,,,,,
,,,,,,,,,,
,,,,,,,,,,
,,,,,,,,,,
,,,,,,,,,,
,,,,,,,,,,
,,,,,,,,,,
,,,,,,,,,,
,,,,,,,,,,
,,,,,,,,,,
,,,,,,,,,,
,,,,,,,,,,
,,,,,,,,,,
,,,,,,,,,,
,,,,,,,,,,
,,,,,,,,,,
,,,,,,,,,,
,,,,,,,,,,
,,,,,,,,,,
,,,,,,,,,,
,,,,,,,,,,
,,,,,,,,,,
,,,,,,,,,,
,,,,,,,,,,
,,,,,,,,,,
,,,,,,,,,,
,,,,,,,,,,
,,,,,,,,,,
,,,,,,,,,,
,,,,,,,,,,
,,,,,,,,,,
,,,,,,,,,,
,,,,,,,,,,
,,,,,,,,,,
,,,,,,,,,,
,,,,,,,,,,
,,,,,,,,,,
,,,,,,,,,,
,,,,,,,,,,
,,,,,,,,,,
,,,,,,,,,,
,,,,,,,,,,
,,,,,,,,,,
,,,,,,,,,,
,,,,,,,Golden Egg: https://tftguides.com/set-8-golden-egg-cashouts/,,,
,,,,,,,,,,
,,,,,,,,,,
,,,,,,,,,,
,,,,,,,,,,
,,,,,,,,,,
,,,,,,,,,,
,,,,,,,,,,
,,,,,,,,,,
,,,,,,,,,,
,,,,,,,,,,
,,,,,,,,,,
,,,,,,,,,,
,,,,,,,,,,
,,,,,,,,,,
,,,,,,,,,,
,,,,,,,,,,
,,,,,,,,,,
,,,,,,,,,,
,,,,,,,,,,
,,,,,,,,,,
,,,,,,,,,,
,,,,,,,,,,
,,,,,,,,,,
,,,,,,,,,,
,,,,,,,,,,
,,,,,,,,,,
,,,,,,,,,,
,,,,,,,,,,
,,,,,,,,,,
,,,,,,,,,,
,,,,,,,,,,
,,,,,,,,,,
,,,,,,,,,,
,,,,,,,,,,
,,,,,,,,,,
Set 8.0 Patch 13.5,,,,,,,,,,
TIER 1,Jax3 or Renekton3 w/ REIGN OF ANGER,,Brawler,https://tactics.tools/s/h-lk9c,Bow,,Very Easy,Level 6/7/8,"Jax, Riven, VI, Lee Sin, Renekton, Blitzcrank",
TIER 1,Kai'Sa3 or Vayne3 with SPREADSHOT,,Recon Threat,https://tactics.tools/s/mEmi7i,"Bow, Belt",,Easy - Medium,Level 6/7/8,"Kai'Sa, Vayne, Rammus, Cho'Gath, Ezreal, Ashe",
TIER 1,Kai'Sa3 DOUBLE TROUBLE,DOUBLE TROUBLE,DOUBLE TROUBLE,https://tactics.tools/s/DLmIQH,"Bow, Belt",,Easy - Medium,Level 6/7/8,"Kai'Sa, Kai'Sa, Rell, Rell, Riven, Vayne",
TIER 1,Samira or Aphelios or Bel'Veth ... Aegis,,Sureshot Aegis,https://tactics.tools/s/vExT7b,"Bow, Belt, Chain",,Medium,Level 7/8,"Senna, Sivir, Galio, Alistar, VI, Riven",
TIER 1,"Samira or Aphelios or Bel'Veth, Sett ... Mecha",,Sureshot Mecha,https://tactics.tools/s/8SJRWC,"Bow, Belt, Chain",,Medium,Level 7/8,"Senna, Sivir, Wukong, Draven, Jax, Riven",
TIER 1,LeBlanc3 or Soraka,,Admin Spellslinger,https://tactics.tools/s/znnJ23,"Tear, Rod, Belt, Chain",Blue Buff or Shojin,Easy - Medium,Level 6/7/8,"Lulu, Annie, Zoe/Poppy, Lee/Riven, Blitz, LeBlanc",
TIER 1,Taliyah,,StarGuardian Spellslinger,https://tactics.tools/s/3nCHMN,"Tear, Rod, Belt, Chain",,Medium,Level 6/7/8,"Lux, Annie, Poppy, Lulu, Rell, Yuumi",
TIER 1,Soraka or Zoe3,,Gadgeteen Heart,https://tactics.tools/s/2LAxOr,"Tear, Rod, Belt, Chain",Blue Buff,Medium,Level 6/7/8,"Zoe, Annie, Lulu, LB, Jinx, Alistar",
TIER 1,Soraka or Zoe3 (with Heart-Emblem),HEART-EMBLEM,Heart,https://tactics.tools/s/vb3gX8,"Tear, Rod, Belt, Chain",Heart-Emblem,Medium,Level 6/7/8,"Zoe, Annie, Lulu, LB, Jinx, Alistar",
TIER 1,"Zoe, Sett or Zed with Gadgeteen-Emblem",GADGETEEN-EMBLEM,Gadgeteen,https://tactics.tools/s/MgPVGF,"Tear, Rod, Belt, Chain",Gadgeteen-Emblem,Medium,Level 6/7/8,"Wukong, Annie, Lulu, Zoe, Poppy",
TIER 1,"Lee Sin3, Soraka or Sona3",CLEANSING SAFEGUARD,Heart,https://tactics.tools/s/4HBiA2,"Belt, Tear",,Medium,Level 6/7/8,"Lee Sin, Blitzcrank, Lulu, Leblanc, Sona, Yuumi",
TIER 1,"Miss Fortune, Riven3",,AnimaSquad,https://tactics.tools/s/GncZm1,"Sword, Rod, Chain",Shojin,Medium,Level 7/8,"Jinx, Riven, Nasus, VI, Alistar, Zoe",
TIER 1,"Malphite3, Yuumi3",ROCK SOLID,Supers Mascot,https://tactics.tools/s/DAxdal,"Rod, Chain",,Very Easy,Level 5 or 6 slowroll,"Malphite, Lee, GP, Yuumi, Galio or Nasus",
TIER 2,"Viego ... Filler Units: Threats, Samira Aph, MF",,Renegade OxForce,https://tactics.tools/s/-Fl-3f,Rod,,Medium,Level 7/8,"Talon, Camille, Sylas, Alistar, Blitzcrank, VI",
TIER 2,"Zed or Vayne3, Nilah3 ... 6Duelists",,Duelist,https://tactics.tools/s/aMu0MX,"Bow, Sword, Chain",Edge of Night,Easy - Medium,Level 6/7/8,"Kayle, Fiora, Yasuo, Nilah, GP, Vayne",
TIER 2,Zed,,Lasercorps,https://tactics.tools/s/zzSBhm,"Chain, Bow, Belt, Rod",,Medium,Level 6/7/8,"Senna/Ashe, Renekton, Yasuo, VI, Lee, Blitz",
TIER 2,Draven3,CARRY > SUPPORT,Mecha Supers,https://tactics.tools/s/gDTc2B,"Sword, Glove",,Easy,Level 6 slowroll,"Draven, Malphite, Lee, Gangplank, Wukong, Jax",
TIER 2,Draven3,CARRY > SUPPORT,Mecha Defender,https://tactics.tools/s/CKAXxP,"Sword, Glove",,Easy,Level 6 slowroll,"Draven, Wukong, Jax, Riven, Rell, Poppy",
TIER 2,"Yuumi3, Nilah3, Rell3","Rell, Yuumi, Nilah",Supers StarGuardian,https://tactics.tools/s/BIKEk9,"Tear, Belt, Chain",Redemption,Very Easy,Level 6 slowroll,"Yuumi, Malph, GP, Lee, Nilah, Rell",
TIER 2,"Lulu3, Poppy3, Wukong3",,Gadgeteen Hacker,https://tactics.tools/s/VpYYPR,"Tear, Rod, Belt, Chain",,Easy,Lvl 4 hyper or 5 slowroll,"Lulu, Poppy, Annie, Wukong, Sona",
TIER 2,Lulu3,GROWTH SPURT,Mascot Heart,https://tactics.tools/s/_A1jw3,"Tear, Rod, Belt",Blue Buff,Very Easy,Level 5 slowroll,"Lulu, Galio, Lee, Malph, GP, Nasus, Ali",
TIER 2,"Camille3, Viego or Leona",ADAPTIVE DEFENSIVES,Adaptive Defensives,https://tactics.tools/s/BP6JW3,Sword,BT or HoJ,Easy - Medium,Level 6 slowroll,"Camille, Talon, Sylas, LB, Zoe, Alistar",
TIER 2,"Talon3, Viego",EDGELORD,Renegade OxForce,https://tactics.tools/s/7z_NxW,Rod,,Very Easy,Level 4 hyper or 5 slowroll,"Talon, Sylas, Camille, Alistar, Blitzcrank, VI",
TIER 2,Lux3,ILLUMINATING SINGULARITY,StarGuardian Spellslinger,https://tactics.tools/s/V28AtT,"Tear, Glove",Shojin,Very Easy,Level 4 hyper or 5 slowroll,"Lux, Annie, Lulu, Poppy, Rell, Yuumi",
TIER 2,"Sylas3, Talon3 or Miss Fortune",KINGSLAYER,AnimaSquad Renegade,https://tactics.tools/s/QYQ390,Belt,Warmogs,Very Easy,Level 5 slowroll,"Sylas, Talon, Camille, Nasus, Jinx, Alistar",
TIER 3,"Sona3, Soraka or LB3",POWER GRID,Heart Spellslinger,https://tactics.tools/s/z-_WST,"Tear, Rod, Belt",Blue Buff,Easy - Medium,Level 6/7/8,"Sona, Annie, Lux, LB, Zoe, Jinx",
TIER 3,Sona3 with Supers,POWER GRID,Supers,https://tactics.tools/s/NDHk66,"Tear, Rod, Belt",Blue Buff,Easy - Medium,Level 6 slowroll,"Sona, Kayle, VI, Lee Sin, GP, Malphite",
TIER 3,Ezreal3,RISING SPELL FORCE,Supers Underground,https://tactics.tools/s/JVx97_,"Tear, Rod",Blue Buff,Very Easy,Level 6 slowroll,"Ezreal, VI, Sona/Kayle, Lee Sin, GP, Malphite",
TIER 3,Gangplank3,FLAMING RICOCHET,Supers Duelist,https://tactics.tools/s/rrnO0-,Rod,,Very Easy,Level 5 slowroll,"GP, Malphite, Lee Sin, Fiora, VI, Alistar",
TIER 3,Kayle3,,Duelist,https://tactics.tools/s/Ef4OZ2,"Bow, Sword, Chain",,Very Easy,Level 5 slowroll,"Kayle, GP, Lee Sin, Malphite, VI, Sona",
TIER 3,"Nasus3, Galio3, Yuumi3",STACKS ON STACKS,Stacks on Stacks Mascot,https://tactics.tools/s/OkJC_U,"Bow, Belt",,Very Easy,Level 5 slowroll,"Nasus, Malphite, Lee Sin, GP, Galio, Alistar",
TIER 3,Wukong3,CYCLONE,Cyclone Mecha Supers,https://tactics.tools/s/H0B4zY,"Chain, Cloak",BT or HoJ,Very Easy,Level 4 hyper or 5 slowroll,"Wukong, Jax, Draven, GP, Lee, Malph",
TIER 3,BUILT DIFFERENT Samira or Miss Fortune,BUILT DIFFERENT,BUILT DIFFERENT,https://tactics.tools/s/uZb2u1,"Bow, Belt, Cloak",,Medium - Hard,Level 6/7/8,"Senna, Vayne, Jax, Rell, Talon, Zoe",
TIER 4,"Senna3, Rammus3",,Threat Sureshot,https://tactics.tools/s/PYbYaL,"Bow, Sword, Belt",,Easy - Medium,Level 7 slowroll,"Senna, Sivir, Galio, Alistar, VI, Riven",
TIER 4,"Ashe3, Renekton3",,Supers Lasercorps,https://tactics.tools/s/VnRUBv,"Bow, Belt",,Very Easy,Level 5 slowroll,"Ashe, Renekton, Lee Sin, GP, Malphite, Yasuo",
TIER 4,"Vel'Koz3, Rammus3",HIGHROLLER,Threat,https://tactics.tools/s/ch3qdp,"Tear, Rod, Belt",,Medium,Level 6/7/8,"Vel'Koz, Cho'Gath, Rammus, Galio, Sivir, Alistar",
TIER 4,"Vel'Koz3, Zoe3, Rammus3",HIGHROLLER,Threat Prankster Hacker,https://tactics.tools/s/PV7Tek,"Tear, Rod, Belt",,Medium,Level 6/7/8,"Zoe, LeBlanc, Ekko, Rammus, Cho'Gath, Vel'Koz",
TIER 4,"Sivir3, Galio3",,Supers Sureshot,https://tactics.tools/s/9wHtMj,"Bow, Belt",,Easy,Level 6 slowroll,"Sivir, Senna, Galio, Malphite, Alistar, Nasus",
TIER 4,Sivir3 DOUBLE TROUBLE,DOUBLE TROUBLE,DOUBLE TROUBLE,https://tactics.tools/s/zGtk-p,"Bow, Belt",,Easy,Level 6 slowroll,"Sivir, Sivir, Galio, Galio, Malphite, Senna",
TIER 4,Yasuo3,SIPHONING WINDS,Supers Duelist,https://tactics.tools/s/hymSbq,Rod,,Easy,Level 6 slowroll,"Yasuo, GP, Lee, Malph, Fiora, VI",
,,,,,,,,,,
Set 7.5,,,,,,,,,,
RANKING,CARRIES (first champ = main carry),,SYNERGIES,ITEMS & POSITIONING,FIRST CAROUSEL,CORE ITEMS,DIFFICULTY,ROLLING,EARLY GAME (first champ = itemholder),
TIER 1,Ao Shin,,Dragon,https://tactics.tools/s/m2c564,"Rod, Tear, Belt",Archangel's Staff,Hard,Level 7/8/9,"Kai'Sa and/or Volibear, Malph, Zac, Jax, Nasus",
TIER 1,Aurelion Sol,,Dragon,https://tactics.tools/s/auoFp_,"Rod, Tear, Belt",Archangel's Staff,Hard,Level 7/8/9,"Kai'Sa and/or Volibear, Malph, Zac, Jax, Nasus",
TIER 1,"Graves, Seraphine3",,Lagoon Cannoneer,https://tactics.tools/s/zzJ_M9,"Sword, Belt",Zeke's,Easy - Medium,Level 7/8,"Kai'Sa, Zeri, Zac, Rakan, Senna, Sett",
TIER 1,Daeja,,Guardian,https://tactics.tools/s/hLvGIL,"Rod, Bow",Archangel's Staff,Medium,Level 7/8,"Ezreal, Twitch, Braum, Rakan, Leona, Zac",
TIER 1,Daeja or Ao Shin or Xayah or Shyvana,,Guild,https://tactics.tools/s/iA-xz6,"Rod, Bow",Archangel's Staff,Medium,Level 7/8,"Ezreal, Twitch, Seju, Rell, Lee, Varus",
TIER 1,"Sy'Fen, Shi Oh Yu",,Jade Whispers,https://tactics.tools/s/JMerP5,"Sword, Bow",BT or HoJ,Medium,Level 7/8,"Nidalee, Skarner, Vlad, Jax, Gnar, Karma",
TIER 1,"Xayah, Shyvana",,Ragewing,https://tactics.tools/s/8OSK0U,"Bow, Sword","RB, GS",Medium,Level 7/8/9,"Ezreal, Twitch, Seju, Rell, Lee, Varus",
TIER 1,Kai'Sa3 ... 6DM late game for Malph & Nasus,,Dragonmancer,https://tactics.tools/s/grlt2d,"Tear, Rod","Blue Buff, JG",Very Easy,Level 6,"Kai'Sa, Malph, Zac, Jax, Volibear, Nasus",
TIER 1,"Olaf3, Diana3",,Scalescorn,https://tactics.tools/s/v1ERdg,"Bow, Glove, Sword",,Easy,Level 6/7/8,"Olaf, Braum, Diana, Lillia, Yone, Jax",
TIER 1,Olaf3,,DOUBLE TROUBLE,https://tactics.tools/s/W1I_Sp,"Bow, Glove, Sword",,Easy,Level 6/7/8,"Olaf, Olaf, Diana, Diana, Yone, Jax",
TIER 2,"Yone3 (with Swiftshot-Emblem), Braum3",,Swiftshot Warrior Mirage,https://tactics.tools/s/BTGkdo,"Bow, Sword",RB,Very Easy,Level 6,"Yone, Olaf, Braum, Leona, Jax, Sylas",
TIER 2,"Yone3, Braum3",,Warrior Mirage,https://tactics.tools/s/sf7DHT,"Bow, Sword",RB,Very Easy,Level 6,"Yone, Olaf, Braum, Leona, Jax, Sylas",
TIER 2,"Sohm, Nilah3",,Lagoon Mage,https://tactics.tools/s/Xn_Wsl,"Belt, Tear, Rod","Blue Buff, Morello",Medium,Level 7/8,"Kai'Sa, Malph, Taliyah, Sylas, Vlad, Karma",
TIER 2,Aurelion Sol,,Guardian,https://tactics.tools/s/0axskD,"Rod, Tear, Belt",Archangel's Staff,Hard,Level 7/8/9,"Kai'Sa and/or Volibear, Malph, Zac, Jax, Nasus",
TIER 2,"Rengar (can make Reng3), Swain",,Darkflight Assassin,https://tactics.tools/s/X8JUQK,"Sword, Bow","IE, Hurricane, Morello",Medium,Level 6/7/8,"Rengar, Rell, Aphelios, Qiyana, Seju, Reng",
TIER 2,"Aphelios3, Graves",,DOUBLE TROUBLE,https://tactics.tools/s/Hf6nB8,"Sword, Belt, Bow","Zeke's, LW",Very Easy,Level 6/7/8,"Aphelios, Rell, Senna, Seju, Aphelios, Rell",
TIER 2,"Aphelios, Graves",,Darkflight Cannoneer,https://tactics.tools/s/N9Q_OA,"Sword, Belt, Bow","Zeke's, LW",Very Easy,Level 6/7/8,"Aphelios, Rell, Senna, Seju, Aphelios, Reng",
TIER 2,Lux3,,Astral Mage,https://tactics.tools/s/_VxF2P,"Rod, Tear, Glove",JG,Very Easy,Level 4/5/6/7,"Lux, Vlad, Skarner, Nidalee, Varus, Sylas",
TIER 2,"Graves, Nilah",,BUILT DIFFERENT,https://tactics.tools/s/39feq3,"Sword, Bow",,Medium,Level 7/8,"Zeri, Diana, Varus, Nunu, Jax, Sera",
TIER 2,Ezreal3,,Guardian,https://tactics.tools/s/2QtawB,"Rod, Tear",Archangel's Staff,Very Easy,Level 4/5,"Ezreal, Braum, Rakan, Leona, Zac, Twitch",
TIER 2,"Lillia3, Diana3",,Scalescorn Cavalier,https://tactics.tools/s/2Q9xt_,"Rod, Glove",Ionic Spark,Very Easy,Level 6,"Lillia, Diana, Braum, Olaf, Rell, Seju",
TIER 2,Ao Shin (Dragonmancer-Emblem),,Dragonmancer Tempest,https://tactics.tools/s/F5Yw8c,"Rod, Tear",Dragonmancer-Emblem,Hard,Level 7/8/9,"Volibear, Jax, Nasus, Lee, Sett, Kai'Sa",
TIER 2,Nomsy3,,Mage,https://tactics.tools/s/PBg1nv,"Rod, Tear",,Easy,Level 6/7/8,"Nomsy, Sylas, Lux, Vlad, Skarner",
TIER 2,SHIMMERSCALE,,SHIMMERSCALE,https://tactics.tools/s/c4mjgI,"Bow, Sword, Rod, Tear",Shimmerscale-Emblem,Hard,Level 6/7/8/9,"Volibear, Jax, Nasus, Rakan, Lee, Malphite",
TIER 2,SOUL SIPHON Graves w/ Darkflight-Emblem,,SOUL SIPHON,https://tactics.tools/s/mp9WyG,,,,,,
TIER 3,"Graves, Nilah",,Cannoneer Tempest,https://tactics.tools/s/lZZ6ry,"Sword, Bow",,Medium,Level 7/8,,
TIER 3,SOUL SIPHON w/ Nomsy Cannoneer,,SOUL SIPHON,https://tactics.tools/s/5biLxE,"Sword, Belt, Bow",,Medium,Level 6/7/8,"Nomsy, Aphelios, Rell, Senna, Seju",
TIER 3,Volibear3,,Shimmerscale Dragonmancer,https://tactics.tools/s/oJa3QY,"Bow, Rod, Tear",RB,Medium,Level 6/7/8,"Volibear, Jax, Nasus, Rakan, Lee, Malphite",
TIER 3,"Zyra, Pantheon or Sy'Fen",,Whispers,https://tactics.tools/s/m2hjbj,"Bow, Sword, Rod, Tear",,Medium,Level 7/8,,
TIER 3,Varus,,DOUBLE TROUBLE,https://tactics.tools/s/EVqueJ,"Bow, Sword",RB,Medium,Level 6/7/8,"Varus, Twitch, Skarner, Vladimir, Sylas, Lux",
TIER 3,Zeri3,,Lagoon Cannoneer,https://tactics.tools/s/1qYiDg,"Bow, Sword",,Medium,Level 6/7/8,,
TIER 4,"Lee Sin3, Ao Shin",,Dragonmancer Tempest,https://tactics.tools/s/skJ6KZ,"Glove, Rod",,Medium,Level 6/7/8,,
TIER 4,Karma3,,Dragonmancer,https://tactics.tools/s/R7xCFB,Glove,JG,Very Easy,Level 4/5,,
TIER 4,Nidalee3,,Jade Shapshifter,https://tactics.tools/s/vLvqZn,"Bow, Sword",,Very Easy,Level 4/5,,
TIER 4,Nidalee3,,DOUBLE TROUBLE,https://tactics.tools/s/VDbTT1,"Bow, Sword",,Very Easy,Level 4/5,,
TIER 4,Nomsy3,,Evoker,https://tactics.tools/s/9X9BLv,Rod,,Medium,Level 6/7/8,,
TIER 4,Nunu3 (Dragonmancer-Emblem),,Dragonmancer Cavalier,https://tactics.tools/s/I7tMkQ,"Rod, Tear",,Medium,Level 6/7/8,,
TIER 4,Jayce (Dragonmancer-Emblem),,Dragonmancer Shapeshifter,https://tactics.tools/s/yWKQGO,"Rod, Tear",,Medium,Level 7/8,,
TIER 5,Wu Kong3,,Jade Warrior,https://tactics.tools/s/p1Okl1,"Bow, Sword",,Very Easy,Level 4/5,,
,,,,,,,,,,
Set7.0 patch 12.15,,,,,,,,,,
RANKING,CARRIES (first champ = main carry),,SYNERGIES,ITEMS & POSITIONING,,,,,,
,Ao Shin,,Tempest,https://tactics.tools/s/DqyT-a,,,,,,
,Aurelion Sol,,Evoker,https://tactics.tools/s/e_89SF,,,,,,
,Shyvana,,Ragewing Shapeshifter,https://tactics.tools/s/ySuBWN,,,,,,
,Dragon Horde / Dragon Alliance,,Dragon,https://tactics.tools/s/Dj3NoO,,,,,,
,Sy'fen,,Whispers Mage Trainer,https://tactics.tools/s/Mkg0AL,,,,,,
,Sy'fen,,Whispers Bruiser,https://tactics.tools/s/ZBm2E0,,,,,,
,Elise3,,Whispers Shapeshifter,https://tactics.tools/s/LZrlCI,,,,,,
,Daeja,,Mirage,https://tactics.tools/s/lLdXk6,,,,,,
,Daeja,,Whispers,https://tactics.tools/s/HTHbTo,,,,,,
,Daeja,,Revel,https://tactics.tools/s/6D2ma5,,,,,,
,"Corki, Sy'Fen",,Whispers,https://tactics.tools/s/wAtvtT,,,,,,
,"Corki, Idas",,Shimmerscale,https://tactics.tools/s/UENgg8,,,,,,
,"Corki, Shyvana",,Ragewing,https://tactics.tools/s/6CdgTk,,,,,,
,"Xayah, Talon",,Ragewing Guild,https://tactics.tools/s/WYmOEC,,,,,,
,"Shi Oh Yu, Corki",,Jade Revel,https://tactics.tools/s/c3cV9n,,,,,,
,Shi Oh Yu,,Jade,https://tactics.tools/s/BFP_Bb,,,,,,
,"Olaf3, Diana3",,Scalescorn Assassin,https://tactics.tools/s/BmLYEt,,,,,,
,"Olaf3, Diana3",,Scalescorn Bruiser,https://tactics.tools/s/NP1Y1T,,,,,,
,"Olaf3, Diana3",,DOUBLE TROUBLE,https://tactics.tools/s/i2LoYe,,,,,,
,Ryze3 (use 3 Astral early),,Mage,https://tactics.tools/s/jxweX9,,,,,,
,Varus3,,Swiftshot Mage,https://tactics.tools/s/6qtEJy,,,,,,
,Varus3,,DOUBLE TROUBLE,https://tactics.tools/s/ZvrPK8,,,,,,
,"Varus3, Sy'fen",,Swiftshot Bruiser,https://tactics.tools/s/B8SaWt,,,,,,
,Varus3,,Astral,https://tactics.tools/s/_Ta_gE,,,,,,
,Swain3,,Ragewing Shapeshifter,https://tactics.tools/s/eH31Bs,,,,,,
,Swain3,,Dragonmancer,https://tactics.tools/s/DFjEWN,,,,,,
,Shimmerscale,,Shimmerscale,https://tactics.tools/s/JGtsLe,,,,,,
,Tristana3,,Trainer,https://tactics.tools/s/cVK2to,,,,,,
,"Yone3, Yasuo",,Warrior Mirage,https://tactics.tools/s/R31LJC,,,,,,
,"Sett3 (before Shyvana, put in Ornn + Lee)",,Ragewing,https://tactics.tools/s/Y6vngz,,,,,,
,Volibear3,,Legend Dragonmancer,https://tactics.tools/s/U6aDke,,,,,,
,Volibear3,,Legend Cavalier,https://tactics.tools/s/_JjFXB,,,,,,
,Anivia3,,Legend Dragonmancer,https://tactics.tools/s/O88tNL,,,,,,
,BUILT DIFFERENT,,BUILT DIFFERENT,https://tactics.tools/s/RrZPLn,,,,,,
,"Twitch3, Braum3",,Guild,https://tactics.tools/s/YYnpfV,,,,,,
,Nidalee3 (use 3 Astral early to hit Nidalee3),,Shapeshifter Ragewing,https://tactics.tools/s/sIJkw0,,,,,,
,Nidalee3 (use 3 Astral early to hit Nidalee3),,Shapeshifter Jade,https://tactics.tools/s/ur-va0,,,,,,
,Nidalee3 (use 3 Astral early to hit Nidalee3),,Shapeshifter Whispers,https://tactics.tools/s/zpv3Rh,,,,,,
,Karma3 ... Dragonmancer buff on Karma,,Jade Guardian,https://tactics.tools/s/J02Vxe,,,,,,
,Ezreal3 ... Dragonmancer buff on Lee,,Guardian Jade,https://tactics.tools/s/5KZBgS,,,,,,
,Nunu3,,Dragonmancer,https://tactics.tools/s/jhckTB,,,,,,
,Lee Sin3,,Dragonmancer,https://tactics.tools/s/ebHLgw,,,,,,
,,,,,,,,,,
Set 6.5 Patch 12.9,,,,,,,,,,
RANKING,CARRIES (first champ = main carry),,SYNERGIES,ITEMS BIS & POSITIONING,FIRST CAROUSEL,CORE ITEMS,DIFFICULTY,ROLLING,EARLY GAME (first champ = itemholder),
TIER 1,Kai'Sa,,VORACIOUS Mutant,https://tactics.tools/s/b0gD7X,,Edge of Night,Medium,Lvl 6/7/8,"Malzahar, Rek'Sai, Kassadin, Zac, Seju, Illaoi",
TIER 1,"Ahri w/ Mutant-Spatula. Malz3, Kha'Zix",,SYNAPTIC Mutant,https://tactics.tools/s/bmPoxS,Rod,,Medium,Lvl 6/7/8,"Malzahar, Rek'Sai, Cho, Swain",
TIER 1,Jhin/Jayce/Kha'Zix,,Sniper Innovator,https://tactics.tools/s/SMDSst,Bow/Sword/Glove,,Medium,Lvl 6/7/8,"Ezreal, Zilean, Ekko, Camille, Blitz, Darius",
TIER 1,"Sivir, Jinx",,Striker,https://tactics.tools/s/1JgM3t,Bow/Sword,"Last Whisper, Zeke's",Medium,Lvl 6/7/8,"Gnar, Reksai, Seju, Jarvan, Zac, Illaoi",
TIER 1,Draven,,Debonair Challenger,https://tactics.tools/s/FPpY9O,"Sword, Bow",,Medium,Lvl 6/7/8,"Ezreal, Zilean, Ekko, Camille, Blitz, Darius",
TIER 1,"Renata, Viktor",,Bruiser,https://tactics.tools/s/b3Q1lx,Rod/Tear,,Hard,Lvl 7/8/9,"Lucian, MF, GP, Illaoi. Zac, Seju, Rek'Sai",
TIER 1,"Legendaries e.g. Jinx, Zeri, Kai'Sa or Viktor",,Bodyguard,https://tactics.tools/s/1P_1Hi,Bow,Bodyguard-Spatula,Medium / Hard,Lvl 7/8/9,"Caitlyn, Ziggs, Vex, Poppy, Blitz",
TIER 2,Talon3 (VIP),,Debonair Assassin,https://tactics.tools/s/GbCWyw,"Sword/Bow, Glove",Gunblade,Easy,Lvl 6 slowroll,"Talon, Syndra, Leona, Ekko, Blitz, Zyra",
TIER 2,Ahri/Senna3/Renata,,Enchanter,https://tactics.tools/s/FWKM3A,Tear/Belt,,Medium,Lvl 6/7/8,"Vex, Lulu, Ziggs, Morg, Senna",
TIER 2,"Tryndamere3 >>> WW3, Quinn3",,Chemtech Challenger,https://tactics.tools/s/LaQFrK,Bow/Sword,,Easy / Medium,Lvl 6 (ww) / 7 (tryn) slow,"Tryndamere, Warwick, Zac, Camille, Quinn, Zilean",
TIER 2,Ashe3,,Syndicate Sniper,https://tactics.tools/s/lYQLgv,Bow/Sword/Glove,,Easy,Lvl 6 slowroll,"Ashe, Darius, Zyra, Leona, Syndra, Caitlyn",
TIER 2,Ahri,,Arcanist,https://tactics.tools/s/kt-fbJ,Tear/Rod,Blue Buff,Medium,Lvl 6/7/8,"Brand, Ziggs, Vex, Poppy, Leona, Syndra",
TIER 2,Ezreal3,,Innovator Clockwork,https://tactics.tools/s/KjiNrh,Bow/Sword,Hurricane,Easy,Lvl 4 hyper or 5 slowroll,"Ezreal, Ekko, Zilean, Camille, Singed",
TIER 2,Twitch3,,Chemtech Innovator,https://tactics.tools/s/cmF-gs,Bow/Sword/Glove,,Easy,Lvl 4 hyper or 5 slowroll,"Twitch, Ezreal, Ekko, Singed, Warwick, Camille",
TIER 3,"Corki3 or Gnar3, Vex3, Veigar (with So Small)",,Yordle,https://tactics.tools/s/ltt3RW,Tear/Rod,,Easy,Lvl 5/6 slowroll,"Corki, Ziggs, Poppy, Blitz, Lucian, GP",
TIER 3,Galio (Clappio),,Colossus Socialite,https://tactics.tools/s/UjEAzl,Glove,,Hard,Lvl 7/8/9,,
TIER 3,Miss Fortune3,,Sniper Enforcer,https://tactics.tools/s/W-w1Pv,Rod/Tear,Shojin/Blue Buff,Medium,Lvl 6/7/8,"MF, Cait, Seju, Zac, Rek'Sai, Illaoi",
TIER 3,BUILT DIFFERENT & legendaries as carries,,BUILT DIFFERENT,https://tactics.tools/s/xt-7BQ,,,Hard,Lvl 6/7/8,"Caitlyn, Quinn, Talon, Leona, Zac, Zyra",
TIER 3,"Vex3, Malzahar3",,Arcanist,https://tactics.tools/s/SQh_Uk,Tear/Rod,,Medium,Lvl 7 slowroll,"Brand, Ziggs, Vex, Poppy, Leona, Syndra",
TIER 3,Sivir,,Hextech,https://tactics.tools/s/0oNZrZ,Bow,Statikks,Medium,Lvl 6/7/8,"Caitlyn, Jarvan, Sejuani, Swain, Nocturne, Rek'Sai",
TIER 3,Lucian3 or Gangplank3 if you hit him early,,Twinshot,https://tactics.tools/s/l0BMFh,Rod/Glove,,Medium,Lvl 6/7/8,"Lucian, Corki, Gnar, Vex, GP, Senna",
TIER 3,Syndra3 (with Life Long Learning),,Debonair Scholar,https://tactics.tools/s/Nlk25n,Tear/Rod/Glove,,Easy,Lvl 6 slowroll,"Syndra, Leona, Talon, Zyra, Darius, Morgana",
TIER 3,Brand3,,Debonair Arcanist,https://tactics.tools/s/VV7p4i,Tear,Blue Buff,Easy,Lvl 4 hyperroll,"Brand, Syndra, Leona, Malzahar, Blitz",
TIER 3,Gnar3,,Socialite,https://tactics.tools/s/qz_L_X,Sword,,Medium,Lvl 7 slowroll,"Gnar, Vex, Lulu, Rek'Sai, Sejuani, Senna",
TIER 5,Alistar,,Colossus,https://tactics.tools/s/Cp4gr0,Glove,JG or Assassin-Spatula,Hard,Lvl 7/8/9,"Corki, Ziggs, Poppy, Blitz, Lucian, GP",
,,,,,,,,,,
Set6.0 Patch 12.3,,,,,,,,,,
RANKING,CARRIES (first champ = main carry),,SYNERGIES,ITEMS BIS & POSITIONING,FIRST CAROUSEL,CORE ITEMS,DIFFICULTY,ROLLING,EARLY GAME (first champ = itemholder),
TIER 1,"Seraphine, Orianna, Jayce",,Innovator,https://lolchess.gg/builder/set6?deck=dafab960293f42588c161988671b0291,Tear/Rod,Morello,Medium,Lvl 6/7/8,"Heimer, Singed, Ezreal, Ziggs, Vex, Lissandra",
TIER 1,"Yone, Fiora, Kai'Sa",,Challenger,https://lolchess.gg/builder/set6?deck=0760ff61355e4d8087833cb0a810ed1b,"Bow, Glove/Sword",GA/QSS,Medium,Lvl 6/7/8,"Samira, Swain, Talon, Warwick, Camille, Quinn",
TIER 1,"Urgot, Tahm, Jinx",,Chemtech,https://lolchess.gg/builder/set6?deck=fc5efb888b4a419c93e916139e6da743,Bow,,Medium,Lvl 6/7/8,"Trundle, VI, Illaoi, Zac, Ekko, Caitlyn",
TIER 1,Fiora,,Socialite,https://lolchess.gg/builder/set6?deck=e500e7de07154e53b1936f8195f765ec,Sword/Bow,,Medium,Lvl 7/8,"Ezreal, Singed, Zilean, Camille, Trundle, VI",
TIER 1,"Shaco3, Akali",,Syndicate,https://lolchess.gg/builder/set6?deck=445725ef2625461d86b57c9954d58d4c,"Bow/Glove, Sword",LW,Easy - Medium,Lvl 6/7/8,"Shaco, Darius, Zyra, Ekko, Talon, Kata",
TIER 1,"Lux/Viktor/Malzahar3, Vex3",,Arcanist,https://lolchess.gg/builder/set6?deck=4cd665304c66464d9f1f69686ac95789,Tear/Rod/Glove,,Medium,Lvl 6/7/8,"Malzahar/TF, Vex, Ziggs, Heimer, Swain, Lissandra",
TIER 1,Samira3,,Imperial Challenger,https://lolchess.gg/builder/set6?deck=b016cabd637f4587b2947cbc524bb380,"Glove, Sword",,Easy - Medium,Lvl 7 slowroll,"Samira, Talon, Swain, Camille, Zilean, Ekko",
TIER 1,Jhin,,Sniper,https://lolchess.gg/builder/set6?deck=17455af1add1479aab30024fcd8fc8b0,Glove/Bow/BF,LW,Medium,Lvl 6/7/8,"Tristana, Poppy, Ziggs, Blitz, Caitlyn, VI",
TIER 2,"Kass3, Kog'Maw3, Garen3, Graves3, Cait3",,Protector Sniper,https://lolchess.gg/builder/set6?deck=6a0dff180dfd44cb86c8aca469d5d595,"Chain/Belt, Bow",,Easy,"Lvl 4/5 slowroll 1g units
Lvl 6 slowroll Kog'Maw","Kog'Maw, Kassadin, Garen, Graves, Cait",
TIER 2,"Cho'Gath3, Malz3, Kai'Sa",,Mutant,https://lolchess.gg/builder/set6?deck=be9b43ab43234d42a710a3c1322577f6,"Tear, Chain/Belt",,Easy - Medium,Lvl 6 into 7/8 slowroll,"Malzahar, Cho'Gath, Kog'Maw, Swain, VI",
TIER 2,Talon3,,Imperial Assassin,https://lolchess.gg/builder/set6?deck=8b768e89bbee4f29b7c8f992eaf2d582,Glove/Bow/BF,RFC,Easy,Lvl 6 slowroll,"Talon, Swain, Samira, Ekko, Shaco, Katarina",
TIER 2,Kai'Sa (with win streak OR Yordles/Mercs),,Challenger,https://lolchess.gg/builder/set6?deck=9954e7917d114a8e8ce970faea3dc34d,Rod/Tear,"Morello, GA",Hard,Lvl 8/9,"Malzahar, Vex, Ziggs, Poppy, Swain, Blitz",
TIER 2,Jinx2 or Trundle3,,Scrap,https://lolchess.gg/builder/set6?deck=b12c1e0b800b4af9ae10c496ffaef97d,Bow/Belt,Morello,Easy - Medium,Lvl 6/7/8,"Trundle, Blitz, Ekko, Ezreal, Vi, Cait",
TIER 2,"Heimer3, Vex3, Lissandra3",,Scholar,https://lolchess.gg/builder/set6?deck=5a69131839d44a91a1bc4858c548dda9,Tear/Rod,,Easy - Medium,Lvl 7 slowroll,"Heimer, Vex, Ziggs, Zyra, Lissandra, Janna",
TIER 2,"Twitch3, Ekko3",,Chemtech Assassin,https://lolchess.gg/builder/set6?deck=d968b0f7896844419eeaf3aa8ceb177b,Glove,LW,Easy,Lvl 4 hyperroll,"Twitch, Ekko, Singed, Lissandra, Zac, WW",
TIER 3,"Ezreal3/Twitch3, Singed3, Camille3, Zil3, WW3",,Clockwork Scrap,https://lolchess.gg/builder/set6?deck=2df3d4b780f6465a9f9d294843a575ce,Bow,,Easy,"Lvl 5 slowroll 1g units
Lvl 6 slowroll 2g units","Ezreal, Singed, Zilean, Camille, Warwick, Twitch",
TIER 3,BUILT DIFF II & III (carry changes every game),,BUILT DIFFERENT,https://lolchess.gg/builder/set6?deck=0b02712c09cd419f95386d0aff562888,changes every game,changes every game,Hard,changes every game,changes every game based on what you hit lvl2,
TIER 3,Warwick3,,Chemtech Challenger,https://lolchess.gg/builder/set6?deck=2051da6dc26a4773ace86498220d9134,Bow,,Easy,Lvl 6 slowroll,"WW, Singed, Liss, Quinn, Samira, Camille",
TIER 3,Tahm Kench (with win streak OR Yordles/Mercs),,Socialite,https://lolchess.gg/builder/set6?deck=0ce2c7ac955143cbaffb77c12477f373,Rod/Tear,,Hard,Lvl 8/9,"Malzahar, Vex, Ziggs, Poppy, Swain, Blitz",
TIER 3,"Heimer3, Vex3/Poppy3",,Yordle,https://lolchess.gg/builder/set6?deck=2e5b8ee97fdb4c5e8fe73ac413d8e262,"Chain, Rod",,Easy,Lvl 6/7 slowroll,"Ziggs, Heimer, Poppy, Blitz, Zyra",
TIER 3,Swain3,,Imperial Arcanist,https://lolchess.gg/builder/set6?deck=d47e08d46fac4499a4bc63f4af98c9c7,"Rod, Tear/Cloak",,Easy,Lvl 6 slowroll,"Swain, Lulu, Vex, Ziggs, Talon, Samira",
TIER 3,"Katarina3, Talon3, Ekko3, Blitz3, Shaco3",,Assassin,https://lolchess.gg/builder/set6?deck=932ad7f8e7c041eaa79f2704ef31761e,"Glove, Sword, Rod",IE,Easy,Lvl 6 slowroll,"Katarina, Talon, Ekko, Twitch, Leona, Blitz",
TIER 3,"Trist3, Poppy3, Lulu3",,Yordle,https://lolchess.gg/builder/set6?deck=c0b1c42677364178a62a62639416c5b0,"Bow/Glove, Chain/Belt",LW,Easy,"Lvl 5 slowroll Poppy
Lvl 6/7 slowroll Tristana","Poppy, Tristana, Lulu, Blitzcrank, Caitlyn",
TIER 4,"Gangplank3, Urgot, Jinx, Tahm",,Mercenary only early,https://lolchess.gg/builder/set6?deck=656834982ec441f69a5816cd03751276,Sword,,Easy - Medium,Lvl 6/7/8,"GP, Illaoi, MF, Kog'Maw, VI",
TIER 5,Sion,,Imperial Socialite,https://lolchess.gg/builder/set6?deck=f555574d69764980b22daa5827d3ff0a,Glove,JG/Assassin-Spatula,Medium,Lvl 6/7/8,"Talon, Samira, Swain, Taric, Seraphine",
,,,,,,,,,,
,,,,,,,,,,
,,,,,,,,,,
Set5.5 Patch 11.20,,,,,,,,,,
RANKING,CARRIES (first champ main carry),,SYNERGIES,ITEMS & POSITIONING,,FIRST CAROUSEL,DIFFICULTY,ROLLING,EARLY GAME / MID GAME,
TIER 1,"Aphelios, Akshan ... Mid Game: 4Nightbringer",,Ranger,https://lolchess.gg/builder/set5.5?deck=d5d0b0051cdf4eaf9716b748345a32c9, ,"Sword, Bow, Glove",Medium,Lvl 6/7/8,"3Redeemed 2Knight 2Ranger: Varus, Aatrox, Leona, Naut, Ashe",
TIER 1,"Vel'Koz, Fiddle",,Abomination Revenant,https://lolchess.gg/builder/set5.5?deck=7df59787434e4ffeb673df6dd1e99f46, ,"Tear/Large Rod, Belt/Chain/Glove",Easy/Medium,Lvl 6/7/8,"Ziggs, Brand, Poppy, Nautilus, Leona, Thresh",
TIER 1,"Heimerdinger2 or Teemo2 or Zyra3, Fiddle",,Abomination,https://lolchess.gg/builder/set5.5?deck=b3aa3f874c9a483398e7df7f4ea4e0b3, ,"Tear, Large Rod, Belt/Chain/Glove",Hard,Lvl 6/7/8/9,"Ziggs, Brand, Poppy, Nautilus, Leona, Thresh",
TIER 1,"Lucian, Akshan",,Sentinel,https://lolchess.gg/builder/set5.5?deck=8ef5ae1d7455431a8583c07b0739d03a, ,"Glove, Sword, Bow",Easy/Medium,Lvl 6/7/8,"3Sentinel 3Skirmisher: Irelia, Olaf, Senna, Nida, Gragas",
TIER 1,"Miss Fortune3, Heca3, Thresh3, Naut3",,Forgotten Cavalier,https://lolchess.gg/builder/set5.5?deck=f873e2c077c84b9580ec5986138c2848, ,"Tear/Large Rod, Belt/Chain/Glove",Easy,Lvl 6 slowroll,"4Forgotten 2Cavalier: MF, Thresh, Vayne, Heca, Seju",
TIER 1,Draven,,Forgotten Legionnaire,https://lolchess.gg/builder/set5.5?deck=813e1ea915e74249894da75138af0309, ,"Sword, Bow, Glove",Medium,Lvl 6/7/8,"3Sentinel 3Skirmisher: Irelia, Olaf, Senna, Nida, Gragas",
TIER 1,Jax,,Knight Ironclad,https://lolchess.gg/builder/set5.5?deck=949a88fde75a4dd998348985d407b077, ,Bow,Easy/Medium,Lvl 6/7/8,"3Sentinel 3Skirmisher: Irelia, Olaf, Senna, Nida, Gragas",
TIER 2,"Yasuo3, Lee Sin3, Sejuani3",,Nightbringer,https://lolchess.gg/builder/set5.5?deck=53c3a4da418544c8ba078a99b2c42928, ,Bow,Easy/Medium,Lvl 6 into 7 slowroll,"4Nightbringer: Yasuo, Seju, Lee, Vlad, Irelia, Gragas",
TIER 2,"Garen, Karma",,Dawnbringer Invoker,https://lolchess.gg/builder/set5.5?deck=f322477f7f3e47a9be4f89730b8469d3, ,"Tear, Large Rod, Belt/Chain",Medium,Lvl 6/7/8,"Ziggs, Brand, Poppy, Nautilus, Leona, Thresh",
TIER 2,Gwen (only play with winstreak if possible),,Knight Ironclad Mystic,https://lolchess.gg/builder/set5.5?deck=0784c65c3c614df384cc0755e31a6a8e, ,"Tear, Belt",Hard,Lvl 7/8,"Ziggs, Brand, Poppy, Nautilus, Leona, Thresh",
TIER 2,Kayle (only play with winstreak if possible),,Knight Redeemed,https://lolchess.gg/builder/set5.5?deck=46b1c6abec1441fab049b812698ca147, ,"Sword, Bow",Hard,Lvl 8,"3Redeemed 2Knight 2Ranger: Varus, Aatrox, Leona, Naut, Ashe",
TIER 3,"Tristana3, Kennen3",,Hellion Cannoneer,https://lolchess.gg/builder/set5.5?deck=c35e0dd0071711ecbaddcb5a03f88c3d, ,"Bow, Glove, Belt, Sword",Easy,Lvl 6 slowroll,"4Hellion 2Cannoneer: Tristana, Kennen, Lulu, Poppy, MF, Thresh",
TIER 3,"Nocturne3, Fiddle w/ Assasin-Spatula",,Assassin Revenant,https://lolchess.gg/builder/set5.5?deck=b289bdbd43ad4acdb57ded21520f69fc, ,"Bow/Glove, Sword",Easy/Medium,Lvl 7 slowroll,"3Sentinel 3Skirmisher: Irelia, Olaf, Senna, Nida, Gragas",
TIER 3,Vayne3,,Forgotten Ranger,https://lolchess.gg/builder/set5.5?deck=affedb0014c511ecab2b0980cd9437d5, ,Bow,Easy,Lvl 4 hyper / 5 slow,"4Forgotten: Vayne, Thresh, Heca, MF, Naut, Ashe, Rell",
TIER 3,"Kled3, Kennen3, Poppy3",,Hellion Cavalier,https://lolchess.gg/builder/set5.5?deck=c9aa72a4b20f4bde95051b740d28f510, ,"Bow, Glove, Sword",Easy,Lvl 4 hyper / 5 slow,"Kled, Poppy, Kennen, Lulu, Seju",
TIER 3,"Kalista3, Leona3, Aatrox3",,Redeemed Legionnaire,https://lolchess.gg/builder/set5.5?deck=d4b946d3b0d54b70819c6416db1d9526, ,Bow,Easy,Lvl 4 hyper / 5 slow,"Kalista, Aatrox, Leona, Lux, Nautilus",
TIER 3,Varus3,,Redeemed Ranger,https://lolchess.gg/builder/set5.5?deck=01b72b1ffcbc4Sword586fbc909adcc6049, ,Bow,Easy,Lvl 6 slowroll,"3Redeemed: Varus, Leona, Rell, Naut, Ashe, Seju",
TIER 3,"Kha'Zix3, Gragas3",,Dawnbringer,https://lolchess.gg/builder/set5.5?deck=11c052d7eefb4c95b5b25ef23186ed10, ,"Glove, Sword, Belt/Chain",Easy,Lvl 4 hyper / 5 slow,"Gragas, Kha'Zix, Soraka, Nidalee, Pyke",
TIER 4,"Nunu3, Soraka3, Seju3, Rakan3",,Renewer Brawler,https://lolchess.gg/builder/set5.5?deck=b5950d27b5bb49b7a9f6712cbbd13683, ,Tear,Medium,Lvl 6/7 slowroll,"Nunu, Gragas, Seju, Sett, Sora, Rakan, Ivern",
TIER 4,"Riven3, Rakan3, Nida3, Kenn3, Pyke3, Irel3",,Dawnbringer,https://lolchess.gg/builder/set5.5?deck=8c10b5d0071711ecab6f251a2ca29e03, ,"Bow, Sword",Medium,Lvl 6/7 slowroll,"Riven, Nida, Irel, Kenn, Rakan, Pyke",
TIER 4,"Ziggs3, Kennen3",,Hellion,https://lolchess.gg/builder/set5.5?deck=ad6585f0091011ec8e12c99355950260, ,"Tear, Large Rod",Easy,Lvl 5 & 6 slowroll,"4Hellion: Ziggs, Kennen, Poppy, Kled, Leona",
TIER 5,"Sett3, Nunu3",,Brawler Renewer,https://lolchess.gg/builder/set5.5?deck=e35de83f78314aa0988b11aa908fe1155, ,Sword,Easy,Lvl 6 slowroll,"Sett, Seju, Nunu, Gragas, Soraka, Rakan",
TIER 5,"Soraka3, Irelia3, Pyke3, Rakan3, Kennen3",,Renewer Skirmisher,https://lolchess.gg/builder/set5.5?deck=1acbbd00f2b911eba212eb3eda76e51b, ,"Belt/Chain, Tear",Easy,Lvl 6 slowroll,"Soraka, Irelia, Pyke, Rakan, Kennen, Nida",
,,,,,,,,,,
,,,,,,,,,,
Set 5.0 Patch 11.14,,,,,,,,,,
RANKING,CARRIES (first champ main carry),,SYNERGIES,ITEMS & POSITIONING,,,DIFFICULTY,ROLLING,EARLY GAME,
TIER 1,"Ryze, Draven, Heca, Kata, Vayne w/ items early",,Forgotten,https://lolchess.gg/builder/set5?deck=b8d75690de3611eba1abcde98ec1fcab,,,Medium,Lvl 6/7/8,,
TIER 1,"Karma, Riven or 4Invoker variant w/ Teemo",,Dawnbringer,https://lolchess.gg/builder/set5?deck=39e4e660d4cc11ebb49313322ff9279a,,,Medium,Lvl 7/8,,
TIER 1,"Abom, Zyra3 ... swap out Draconics late game",,Abomination,https://lolchess.gg/builder/set5?deck=ba68d860d7ed11ebbdf40d55db6323bc,,,Medium,Lvl 6/7/8,,
TIER 1,"Jax, Lee3",,Skirmisher,https://lolchess.gg/builder/set5?deck=5ca1f230e00911ebb4ce6b165b0a9859,,,Medium,Lvl 6/7/8,,
TIER 1,"Vel'Koz, Lux",,Redeemed,https://lolchess.gg/builder/set5?deck=461dd2c0d5ac11ebbaa9136df95a5ad7,,,Medium,Lvl 7/8,,
TIER 1,"Yasuo3, Mordekaiser",,Nightbringer,https://lolchess.gg/builder/set5?deck=bdeb86b0d9d011ebba1a85f58f46eSword6,,,Medium,Lvl 6/7/8,,
TIER 2,"Heca3, Viktor3, Brand3, Seju3",,Cavalier Spellweaver,https://lolchess.gg/builder/set5?deck=65f7aff0dcf311eb9da44f8eb36dc110,,,Easy,Lvl 6 slowroll,,
TIER 2,Nocturne3,,Assassin Revenant,https://lolchess.gg/builder/set5?deck=c8eee380de6711ebaafe4f9b12739ecb,,,Medium,Lvl 6/7/8,,
TIER 2,"Nidalee3, Panth3, Trund3, Lee3, Kenn3",,Skirmisher,https://lolchess.gg/builder/set5?deck=ac133e30ca9311eb845543d3c50f4915,,,Medium,Lvl 6 into 7 slowroll,,
TIER 2,Aphelios or Ashe3,,Ranger,https://lolchess.gg/builder/set5?deck=d069a270d58e11eb9d648ffc465835e1,,,Medium,Lvl 7/8,,
TIER 3,"Varus3, Pantheon3",,Skirmisher Ranger,https://lolchess.gg/builder/set5?deck=49486d90caf811ebSword7ccSwordf23de2dc5,,,Medium,Lvl 6 into 7 slowroll,,
TIER 3,Teemo ... need winstreak Hellion start,,Hellion into 4Invoker late,https://lolchess.gg/builder/set5?deck=cd93b5c0c5ce11eb8988c1fe5c18877d,,,Medium,Lvl 6/7/8,,
TIER 3,"Draven, Mordekaiser, Ryze ... 4DS fine too",,Forgotten,https://lolchess.gg/builder/set5?deck=6663cb30cdb311ebb2ffc74e2d3527de,,,Medium,Lvl 7/8,,
TIER 3,Kayle ... 6 Knights fine too,,Knight Redeemed,https://lolchess.gg/builder/set5?deck=093de090ca1e11eb96c2094a299354d0,,,Hard,Lvl 8/9,,
TIER 4,Varus3,,Knight Ranger Redeemed,https://lolchess.gg/builder/set5?deck=084f7dd0c3c911eb8b51759dfbbd80e8,,,Easy,Lvl 6/7 slowroll,,
TIER 5,"Vladimir3, Soraka3 or Heimerdinger",,Renewer Coven,https://lolchess.gg/builder/set5?deck=9061b9a0c92f11eb89a7a171e87d5271,,,Easy,Lvl 4/5 slowroll,,
TIER 5,Warwick3,,Forgotten,https://lolchess.gg/builder/set5?deck=51c2da60c47511eb8ea257bd4de5be93,,,Easy,Lvl 4/5/6 slowroll,,
,,,,,,,,,,
,,,,,,,,,,
Set 4.5: Patch 10.8,,,,,,,,,,
RANKING,CARRIES (first champ main carry),,SYNERGIES,ITEMS & POSITIONING,,,,,,
TIER 1,"Samira, Tryndamere / Olaf",,Slayer Sharpshooter,https://lolchess.gg/builder/set4.5?deck=94a7e7a0939411eb8fdb7f9238380d55,,,,,,
TIER 1,"Neeko3, Nautilus3",,Fabled Vang Mystic,https://lolchess.gg/builder/set4.5?deck=34ea5300907411ebb41f258ccc5837ca,,,,,,
TIER 1,"ASol, Annie3, Lulu3, Brand3 / TF3",,Mage,https://lolchess.gg/builder/set4.5?deck=4c6bb1709bc611eb8c20f703e98e1f22,,,,,,
TIER 1,"Tryndamere, Samira or Olaf",,Slayer Duelist,https://lolchess.gg/builder/set4.5?deck=3bbd93308bce11ebbbc2e735449c0e45,,,,,,
TIER 1,"Kennen3, Xayah",,Keeper,https://lolchess.gg/builder/set4.5?deck=1db7a6d08a2a11eb8c2735bb8bb342b0,,,,,,
TIER 2,"Olaf, Samira or Trynda",,Slayer,https://lolchess.gg/builder/set4.5?deck=f30f87f0939411eb8eb0d5d8cddcef7b,,,,,,
TIER 2,"Shyvana3, Nunu3, Sett",,Brawler,https://lolchess.gg/builder/set4.5?deck=83826320857811eba5bc6721cae9cc7a,,,,,,
TIER 2,Akali,,Asassin Spirit,https://lolchess.gg/builder/set4.5?deck=8640a300961911ebbb5e31b9c5182f2b,,,,,,
TIER 2,Kalista,,Cultist,https://lolchess.gg/builder/set4.5?deck=5f1fef0099df11ebSword478b1b7358e468,,,,,,
TIER 2,"Talon, Morgana",,Enlightened,https://lolchess.gg/builder/set4.5?deck=b4c404a07a1111eba8e4a9f4db9e734b,,,,,,
TIER 2,Kayle,,Executioner Divine,https://lolchess.gg/builder/set4.5?deck=af78f250939411ebb3749b8ca843c110,,,,,,
TIER 2,"Tristana3 / Sivir, Diana3",,Sharpshooter Spirit,https://lolchess.gg/builder/set4.5?deck=3b62919083e211ebbb1e8d7b33ac468a,,,,,,
TIER 3,"ASol, Xayah, Rakan",,Elderwood Mage,https://lolchess.gg/builder/set4.5?deck=d2cf27f0720c11eb9e8bbdSword5ebb90d9,,,,,,
TIER 3,"ASol, Shyvana, Swain",,Dragonsoul,https://lolchess.gg/builder/set4.5?deck=8b94c400857811ebb649dda70a69e9f9,,,,,,
TIER 3,Yasuo3,,Duelist,https://lolchess.gg/builder/set4.5?deck=daSword910087e511eb9a4abbef3b271dd5,,,,,,
TIER 3,"Katarina, Tryndamere, Samira",,Warlord,https://lolchess.gg/builder/set4.5?deck=468e1ac06af111eb87c88fc1ec73812e,,,,,,
TIER 3,Nasus3,,Syphoner Divine,https://lolchess.gg/builder/set4.5?deck=c618dd006abb11eb8411df7fb61dc43c,,,,,,
TIER 3,Sivir,,Sharpshooter,https://lolchess.gg/builder/set4.5?deck=aed119b079b311ebb5d6b5f6a4063ac7,,,,,,
TIER 4,"Diana3, Talon, Akali",,Assassin Spirit,https://lolchess.gg/builder/set4.5?deck=f4792610714e11eb935d171ff6d7721c,,,,,,
TIER 4,Zed3,,Ninja Slayer,https://lolchess.gg/builder/set4.5?deck=71bbe1e07a7411ebb1a27bbc8f22c4e5,,,,,,
TIER 5,Nidalee3,,Warlord Sharpshooter,https://lolchess.gg/builder/set4.5?deck=f16d1cb0640c11ebbb1e752e803de980,,,,,,
,,,,,,,,,,
Set 4: Patch 10.25,,,,,,,,,,
RANKING,CARRIES (first champ main carry),,SYNERGIES,ITEMS & POSITIONING,,,DIFFICULTY,ROLLING,EARLY GAME,
TIER 1,"Jhin, Riven + legendaries (Yone, Kayn, Azir)",,Dusk Cultist,https://lolchess.gg/builder/set4?deck=1c0eda6046dd11eb9783056801fc4b4b,,,MEDIUM,Lvl 7/8/9 rolling,,
TIER 1,Ashe,,Hunter Adept,https://lolchess.gg/builder/set4?deck=234043f046dd11eb9a05871563c23e15,,,MEDIUM,Lvl 7/8 rolling,,
TIER 2,Warwick,,Divine,https://lolchess.gg/builder/set4?deck=6171dac046dd11ebb089ab20474126b7,,,MEDIUM,Lvl 7/8 rolling,,
TIER 2,Zed3,,Ninja,https://lolchess.gg/builder/set4?deck=9d46c8204a8111eb9f0f4f6ecc5cf8f2,,,MEDIUM,Lvl 5/6/7/8 rolling,,
TIER 2,Aphelios4,,Moonlight Hunter,https://lolchess.gg/builder/set4?deck=0f9219804c5d11eb9c071570608e7036,,,LOW,Lvl 6/7 rolling,,
TIER 2,Ahri,,Mystic Vanguard,https://lolchess.gg/builder/set4?deck=75c5cd502f4b11eb95c40fb9400fa481,,,MEDIUM,Lvl 7/8 rolling,,
TIER 2,"Ashe, Sett",,Elderwood or Brawler,https://lolchess.gg/builder/set4?deck=2f73483046dd11ebb56a6b7146cee8e1,,,LOW,Lvl 7/8 rolling,,
TIER 2,Akali3,,Ninja Assassin,https://lolchess.gg/builder/set4?deck=0a62fe9045d211eba09e696022489164,,,MEDIUM,Lvl 7/8 rolling,,
TIER 3,"Annie3, Lulu3",,Mage,https://lolchess.gg/builder/set4?deck=771f4f704aac11eb86762d8d0c3c5153,,,,,,
TIER 3,"Talon, Morgana",,Enlightened,https://lolchess.gg/builder/set4?deck=c8f5f1202db711eb9958894b68678887,,,HIGH,Lvl 7/8 rolling,,
TIER 3,Kata,,Warlord,https://lolchess.gg/builder/set4?deck=91cf9cc046dd11eb83d8031b6b437d62,,,MEDIUM,Lvl 6/7/8 rolling,,
TIER 3,Kindred,,Divine Hunter,https://lolchess.gg/builder/set4?deck=5b4a65304a3011ebbc1d9ffb7c07ea72,,,,,,
TIER 3,Veigar3,,Elderwood or Mages,https://lolchess.gg/builder/set4?deck=5b68f2c046dd11eba61a8b7247ddb78e,,,LOW,Lvl 6/7/8 rolling,,
TIER 3,Diana4,,Moonlight Assassin,https://lolchess.gg/builder/set4?deck=39eec240437f11ebb9b415c32e1b52c3,,,LOW,Slowroll,,
TIER 4,"Jinx, Jhin, Teemo",,Sharpshooter,https://lolchess.gg/builder/set4?deck=2d318ba04a8911eb81151171852ac34d,,,,,,
TIER 4,"Yasuo3, Kalista, Yone, Lee",,Duelist,https://lolchess.gg/builder/set4?deck=9a3836f046dd11eb86eb2769f085ed3f,,,LOW,Slow/Hyperroll,,
TIER 4,Vayne3,,Sharpshooter Dusk,https://lolchess.gg/builder/set4?deck=6e66b0404d0e11eba4da21582b089c6a,,,LOW,Slowroll,,
TIER 4,Nami winstreak into Legendaries or Nami3,,Enlightened Mage,https://lolchess.gg/builder/set4?deck=f2ba8d7025a711eb9c3513d4ea5f37f2,,,LOW,Slowroll,,
TIER 5,Lissandra4,,Moonlight Dazzler,https://lolchess.gg/builder/set4?deck=473b87d0283211eb9f620bb51258626d,,,LOW,Slowroll,,
,,,,,,,,,,
Set 4: Patch 10.21b end of patch with new items,,,,,,,,,,
RANKING,CARRIES (first champ main carry),,ITEMS & POSITIONING,CHOSEN (left most important),,,ROLLING,EARLY GAME,STRENGTHS/WEAKNESSES,
TIER 1,Ahri,,https://lolchess.gg/builder/set4?deck=fbc7138016a211eb864c8900aad4fe67,Mystic / Vanguard / Dusk:,,,Lvl 7/8 rolling,,,
TIER 1,"Jinx, Jhin",,https://lolchess.gg/builder/set4?deck=9528d19015e111ebae1bb590ed59db48,"Sharpshooter <OR> Seju, Aatrox, Thresh",,,Lvl 7/8 rolling,,,
TIER 2,Akali3,,https://lolchess.gg/builder/set4?deck=88d83210164011eb924ca9f250122be2,Assassin / Adept / Mystic:,,,Lvl 7/8 rolling,,,
TIER 2,"Ashe, Sett",,https://lolchess.gg/builder/set4?deck=5c91e210179711eb9a9679022eab5196,Elderwood / Brawler / Hunter Ashe or WW,,,Lvl 7/8 rolling,,,
TIER 2,"Talon, Morgana",,https://lolchess.gg/builder/set4?deck=d557c81016cf11eb9c6bdf4dfb46a77b,Adept / Assassin / Enlightened / Mystic:,,,Lvl 7/8 rolling,,,
TIER 2,Ashe,,https://lolchess.gg/builder/set4?deck=73458710179711eb858691301a394eb8,Hunter / Adept / Mystic,,,Lvl 7/8 rolling,,,
TIER 2,Diana4,,https://lolchess.gg/builder/set4?deck=a78fd130157811eb99d70543b237b42e,"Moonlight: Diana, Lissandra, Sylas",,,Slow/Hyperroll,,,
TIER 3,Lissandra4,,https://lolchess.gg/builder/set4?deck=5a0c9960164a11eba8274fb782fa7532,Moonlight or just a Chosen Unit with any trait,,,Slowroll,,,
TIER 3,"Yasuo3 / Jax3, Kalista",,https://lolchess.gg/builder/set4?deck=e1364b60157811ebafcfef01d3989cc8,Duelist:,,,Slow/Hyperroll,,,
TIER 3,Kata,,https://lolchess.gg/builder/set4?deck=5df7f890139011ebb8f17fef26cfb57e,"Warlord: Katarina, Garen, Jarvan, Xin Zhao, VI",,,Lvl 6/7/8 rolling,,,
TIER 3,Zed3,,https://lolchess.gg/builder/set4?deck=d6fd74e017b411eb918Swordddfbd6fd4f2,Zed,,,Lvl 6/7/8 rolling,,,
TIER 3,Nami3,,https://lolchess.gg/builder/set4?deck=d53a46d0157811ebb2b18d5326d9f1e5,Nami,,,Slowroll,,,
TIER 4,"Kayn / Yone, Riven, Jhin",,https://lolchess.gg/builder/set4?deck=9d9c1f400efb11eb95adc99b1be06806,"Riven, Cassio, Jhin, Seju",,,Lvl 7/8/9 rolling,,,
TIER 5,Veigar3,,https://lolchess.gg/builder/set4?deck=f1e02ac0099411eb85870d59c7cd3bdd,"Elderwood/Mage: Veigar, Annie, Lulu",,,Lvl 6/7/8 rolling,,,
,,,,,,,,,,
Set 4: Patch 10.21b,,,,,,,,,,
RANKING,CARRIES (first champ main carry),,ITEMS & POSITIONING,CHOSEN (left most important),,,LEVELING,EARLY GAME,STRENGTHS/WEAKNESSES,
TIER 1,"Ahri, Sejuani",,https://lolchess.gg/builder/set4?deck=dc4bee00118111ebb9491bd622ca4b9e,Vanguard/Mystic/Dusk:,,,Lvl 7/8 rolling,,,
TIER 1,"Jinx, Jhin",,https://lolchess.gg/builder/set4?deck=6700692012b211eb8fa543e5fa2c8e79,Sharpshooter/Vanguard <OR> Riven,,,Lvl 7/8 rolling,,,
TIER 1,"Ashe, Sett",,https://lolchess.gg/builder/set4?deck=8a4e32600efb11eba2cc113049be70df,Elderwood/Brawler/Hunter Ashe or WW,,,Lvl 7/8 rolling,,,
TIER 1,"Talon, Morgana",,https://lolchess.gg/builder/set4?deck=bb34b6700fb111eb8aa355b6c3004a0f,Adept/Assassin/Enlightened/Mystic:,,,Lvl 7/8 rolling,,,
TIER 1,Akali,,https://lolchess.gg/builder/set4?deck=2ab9Swordc00f8511ebb83c93b6cf8efa93,Assassin/Adept/Mystic:,,,Lvl 6/7 rolling,,,
TIER 2,Diana4,,https://lolchess.gg/builder/set4?deck=af03ce5011ed11ebac9eb57aafa8ac54,"Moonlight: Diana, Lissandra, Sylas",,,Slow/Hyperroll,,,
TIER 3,"Yasuo3, Jax3, Kalista",,https://lolchess.gg/builder/set4?deck=ee50a130137711eba36801f6ff563170,Duelist:,,,Slow/Hyperroll,,,
TIER 3,"Lissandra4, Janna3",,https://lolchess.gg/builder/set4?deck=fef87d800e1411ebb3d0edbd9eb44bd7,Moonlight or just a Chosen Unit with any trait,,,Slow/Hyperroll,,,
TIER 3,"Zed3, Akali3, Eve3, Pyke3",,https://lolchess.gg/builder/set4?deck=c2cee6700fd911eb9f9db1216e957928,,,,,,,
TIER 3,Kata,,https://lolchess.gg/builder/set4?deck=f488b94012d511eb8832f1c79cc2f904,"Warlord: Katarina, Garen, Jarvan, Xin Zhao, VI",,,Lvl 6/7/8 rolling,,,
TIER 4,"Nami3, Lulu3, Janna3",,https://lolchess.gg/builder/set4?deck=d69195e0117711eba764ab6f061d3f47,Nami,,,Slowroll,,,
TIER 4,"Kayn, Riven, Jhin",,https://lolchess.gg/builder/set4?deck=9d9c1f400efb11eb95adc99b1be06806,"Riven, Cassio, Jhin, Seju",,,Lvl 7/8/9 rolling,,,
TIER 5,Veigar3,,https://lolchess.gg/builder/set4?deck=f1e02ac0099411eb85870d59c7cd3bdd,"Elderwood/Mage: Veigar, Annie, Lulu",,,Lvl 6/7/8 rolling,,,
,"Warwick, Morgana <OR> Ashe/Kindred",,https://lolchess.gg/builder/set4?deck=a664bac011ec11ebb146134e048f7213,Divine/Adept/Hunter/Mystic:,,,Lvl 7/8 rolling,,,
,Wukong3,,https://lolchess.gg/builder/set4?deck=6ab269d00efe11eb8a1ad74d1b5d6234,Vanguard/Divine: Wukong,,,Slow/Hyperroll,,,
,Zed3,,https://lolchess.gg/builder/set4?deck=1b8646200f8711eb814aa14d2ba4447e,Shade Zed <OR> Mystic/Spirit,,,Slowroll,,,
,"Kindred, Yone, Warwick",,https://lolchess.gg/builder/set4?deck=16e168e0097311eb89a13fcfaff57085,Mystic/Adept <OR> Spirit/Hunter Kindred,,,Lvl 6/7 rolling,,,
,Aphelios4,,https://lolchess.gg/builder/set4?deck=3c14b16012b011ebb1307504e17Swordd1a,Moonlight: any ... Hunter Aphelios fine too,,,Slowroll,,,
,,,,,,,,,,
Set 3: Patch 10.18,,,,,,,,,,
Ranking,Carries (left most important),,,Items & Positioning,,,Early Game,Leveling,,
1,"Neeko, Syndra",,,https://lolchess.gg/builder/set3.5?deck=d6e94b00ea8e11ea9fcb7fa6428f7b85,,,,,,
1,"Vayne, Ekko, Irelia",,,https://lolchess.gg/builder/set3.5?deck=f30255f0e38111ea91176542d34ad1be,,,,,,
2,"Mech, Viktor",,,https://lolchess.gg/builder/set3.5?deck=88a96f90e6ab11eab17f41c78d591dac,,,,,,
2,"Jhin, Teemo",,,https://lolchess.gg/builder/set3.5?deck=8c90d9d0e70f11eaa6e5d79c12994c5b,,,,,,
2,"Shaco, Jhin",,,https://lolchess.gg/builder/set3.5?deck=779b5ee0e9ce11eaSword6c39962e5e94dc,,,,,,
2,"Jinx, Aurelion Sol, GP",,,https://lolchess.gg/builder/set3.5?deck=8f64cd10e9ce11eaa291e120a2ce5db7,,,,,,
3,"Master Yi3, Shen3, Zed3 with BM-Spatula",,,https://lolchess.gg/builder/set3.5?deck=c513cfe0e52111eab70f9f2a2a15f579,,,,,,
3,"Kog'Maw3, Nocturne3, Illaoi3, Graves3",,,https://lolchess.gg/builder/set3.5?deck=02283d40e07811ea9df07533b5de4e29,,,,,,
3,"Xayah3, Jarvan3, Fiora3",,,https://lolchess.gg/builder/set3.5?deck=1d407d00e6ad11ea864a6ff4b4240237,,,,,,
3,Cassiopeia,,,https://lolchess.gg/builder/set3.5?deck=b4c6d580d17b11eabe8a65adfcbbc50a,,,,,,
,"Lucian, Irelia",,,https://lolchess.gg/builder/set3.5?deck=f4eSwordb20ec3611ea8e51d10efb8f5642,,,,,,
,"Darius, Jayce",,,https://lolchess.gg/builder/set3.5?deck=c3d063b0e91311ea9f235d697403dfd0,,,,,,
,"early Darius Jayce ... late GP, Jinx, ASol",,,https://lolchess.gg/builder/set3.5?deck=7bc5e9c0e0a711ea9966b36372d2f0bb,,,,,,
,lvl 9 rush legendaries,,,https://lolchess.gg/builder/set3.5?deck=856387e0e0a711ea9d7e5504d7fa6b4b,,,,,,
,"TF3, Jarvan3,Caitlyn3, Zoe3",,,https://lolchess.gg/builder/set3?deck=dec65ec0e07111ea9ef8b1f432bb6f22,,,,,,
,,,,,,,,,,
Set 2 : Patch 10.12/10.13,,,,,,,,,,
Ranking,Carries (left most important),,,Items & Positioning,,,Early Game,Leveling,,
1,"Jinx, Aurelion Sol, GP",,,https://lolchess.gg/builder/set3.5?deck=a738bc70ba4811ea9c1a13732d711d62,,,,,,
2,"Vayne, Ekko, Irelia, Thresh + Urgot",,,https://lolchess.gg/builder/set3.5?deck=b6160a50b6b011ea81548f1949945489,,,,,,
3,Jinx,,,https://lolchess.gg/builder/set3.5?deck=a21f5a30ba4811eab5357df5c0688424,,,,,,
4,"Riven, Viktor, Xerath, GP/Fizz/Gnar/Ekko",,,https://lolchess.gg/builder/set3.5?deck=e6489ea0b0de11eaa6a4dd8c93b1Sword80,,,,,,
5,Cassiopeia,,,https://lolchess.gg/builder/set3.5?deck=103b37c0b4c511eabb4ad105858f6e5b,,,,,,
6,"Mech, Viktor/Xerath, Shaco",,,https://lolchess.gg/builder/set3.5?deck=362584b0b62511ea9e4b0d51e01ebc5f,,,,,,
7,Kog'Maw,,,https://lolchess.gg/builder/set3.5?deck=00765620b85e11ea967fb3f8fa2bb205,,,,,,
8,"Teemo, Jhin",,,https://lolchess.gg/builder/set3.5?deck=b0ab5af0b18c11ea9c24472ce65d6395,,,,,,
9,"Urgot, ASol (Protector), Xin, Cassio",,,https://lolchess.gg/builder/set3.5?deck=9a0eae70b13b11eab77f53fb762c961b,,,,,,
10,"Master Yi3, Zed3 (with BM), Yasuo3",,,https://lolchess.gg/builder/set3.5?deck=bc1295e0af2011ea90a3e5821e7d59dc,,,,,,
11,"Xayah3, Jarvan3, Fiora3, Caitlyn3",,,https://lolchess.gg/builder/set3?deck=a4d0a350acf611ea9ceff32886049423,,,,,,
,,,,,,,,,,
10.11,,,,,,,,,,
Ranking,Carries (left most important),,,Items & Positioning,,,,,,
1,"Vel'Koz, Kha3, Cho",,,https://lolchess.gg/builder/set3?deck=9a645160a4b311ea87a50b00474902c7,,,,,,
2,Kayle,,,https://lolchess.gg/builder/set3?deck=48e4df209cfa11eaa17b49e77237bc57,,,,,,
3,"Jinx, MF",,,https://lolchess.gg/builder/set3?deck=78478130a32811ea9e4f77Swordb536ecca,,,,,,
4,"Xayah3, Jarvan3, Fiora3, Caitlyn3",,,https://lolchess.gg/builder/set3?deck=97e398609df711eab04797b58d8600dd,,,,,,
5,"Ziggs3, Jinx, GP, MF",,,https://lolchess.gg/builder/set3?deck=3f331d309cc511ea8f1e011fa7ec9f07,,,,,,
6,"Caitlyn3, Jarvan3, TF3, Zoe3",,,https://lolchess.gg/builder/set3?deck=60e16a60a4cc11ea921d5907d4ef3679,,,,,,
7,"Kaisa3, Rumble3, Annie3, Shaco3, Kha3",,,https://lolchess.gg/builder/set3?deck=656c75a09cfa11eaaf6c45b714e36448,,,,,,
8,"Darius3, Jayce3, Xin3, Rakan3, Kass3",,,https://lolchess.gg/builder/set3?deck=96ef6b609e0411ea80e9c17a8453a030,,,,,,
9,"Poppy3, TF3, Zoe3, Xerath, Vel'Koz",,,https://lolchess.gg/builder/set3?deck=582019d09cc511eaa46fff51e85dfc32,,,,,,
10,"Gangplank, Xerath, Vel'Koz",,,https://lolchess.gg/builder/set3?deck=acec23f0a30f11eab104ef2f514180e1,,,,,,
11,"Jhin, Kayle",,,https://lolchess.gg/builder/set3?deck=339abbc09fef11eab4d1a1454caae9d1,,,,,,
12,"Jhin, GP",,,https://lolchess.gg/builder/set3?deck=bb052df09dd711ea8110bdf94fc2d244,,,,,,
13,"Irelia, Lucian with Red Buff, Kayle, MF",,,https://lolchess.gg/builder/set3?deck=8e77a6e09cc511eaa0f367cd22875810,,,,,,
,,,,,,,,,,
10.9,,,,,,,,,,
Ranking,Carries (left most important),,,Items & Positioning,,,,,,
1,"Poppy3, TF3, Zoe3",,,https://lolchess.gg/builder/set3?deck=b6aaa750913e11ea8ac6f707488ab894,,,,,,
2,"Xayah3, Jarvan3, Caitlyn3",,,https://lolchess.gg/builder/set3?deck=68886ea08ddd11ea8522613c7719f623,,,,,,
3,"Jinx, MF",,,https://lolchess.gg/builder/set3?deck=708f2b508fb311eaadc339c0b32bd117,,,,,,
4,Kayle,,,https://lolchess.gg/builder/set3?deck=73135c50915811ea8d6f5f010a407b26,,,,,,
5,"Irelia, Ekko, MF, Kayle",,,https://lolchess.gg/builder/set3?deck=f6fd58c0915811ea8b9b73ab0eb9af4b,,,,,,
6,"Sona, Vel'Koz3, Cho3",,,https://lolchess.gg/builder/set3?deck=79af8b5092c611ea923b1b8491a451f7,,,,,,
7,"Kaisa3, Rumble3, Annie3",,,https://lolchess.gg/builder/set3?deck=1d58ebb08ab911eab1c069e4ff7287e1,,,,,,
8,"Jinx, GP, MF",,,https://lolchess.gg/builder/set3?deck=7e956c908ea811eaba66ef13aac55e7f,,,,,,
9,"Xerath, Jhin, Shaco",,,https://lolchess.gg/builder/set3?deck=bc42e4608d1311ea8fdc0ba1be094850,,,,,,
10,"Sona, Poppy3, TF3, Ahri/Syndra3",,,https://lolchess.gg/builder/set3?deck=d53867208ddd11eaa0af2b54d61ac876,,,,,,
11,"Darius3, Jayce3, Xin3, Rakan3, Kass3",,,https://lolchess.gg/builder/set3?deck=029d573089f011ea912473f641a74a3e,,,,,,
,,,,,,,,,,
10.8,,,,,,,,,,
Ranking,Carries (left most important),,,Items & Positioning,,,,,,
1,"Xerath, Jhin, Shaco",,,https://lolchess.gg/builder/set3?deck=029cfa30896111eaad7b679819def50d,,,,,,
2,"Kaisa3, Rumble3, Annie3, Shaco3",,,https://lolchess.gg/builder/set3?deck=0406882088a211ea8967317df4199227,,,,,,
3,"Jinx, MF",,,https://lolchess.gg/builder/set3?deck=3a88e450896511eaa0911be34ef9d1a5,,,,,,
4,"Irelia, Ekko, MF, Kayle",,,https://lolchess.gg/builder/set3?deck=7ea501e0847211eaaa64d9c972615f53,,,,,,
5,Kayle,,,https://lolchess.gg/builder/set3?deck=be6a51c0889911ea8b9681e5c916adcc,,,,,,
6,"Darius3, Jayce3, Xin3, Rakan3, Kass3",,,https://lolchess.gg/builder/set3?deck=029d573089f011ea912473f641a74a3e,,,,,,
7,"Yi3, Yasuo3, Sona3",,,https://lolchess.gg/builder/set3?deck=4e2670b0863911ea9d0643c694d0d33e,,,,,,
8,"Jinx, MF",,,https://lolchess.gg/builder/set3?deck=70b05e5085a611ea82f11bc94c4a3706,,,,,,
9,"Syndra3, Neeko3, Ahri3",,,https://lolchess.gg/builder/set3?deck=2be59c10848211ea93b1594c87ce26c7,,,,,,
,,,,,,,,,,
10.6,,,,,,,,,,
1,"GP, ASol, Jinx, Lulu, MF",,,https://lolchess.gg/builder/set3?deck=5ecf215071d411eab1c1ff56725f5ef7,,,,,,
2,"Irelia, Ekko, MF, Kayle",,,https://lolchess.gg/builder/set3?deck=fb591f406eb211ea91Sword2b5420063a7b,,,,,,
3,"Xin3, Rakan3",,,https://lolchess.gg/builder/set3?deck=a18309e0704111ea8b0183553893cad4,,,,,,
4,"Jhin, Shaco3, Lux3",,,https://lolchess.gg/builder/set3?deck=1ecc8f90706411ea9c5c778c3dda5498,,,,,,
5,Jhin,,,https://lolchess.gg/builder/set3?deck=90567400735011ea9eb7ef372878f208,,,,,,
6,"Shaco3, Kaisa3, Annie3, Rumble3",,,https://lolchess.gg/builder/set3?deck=dfaSword6306ede11eaa6282bd002cbb97e,,,,,,
7,"Jinx, MF",,,https://lolchess.gg/builder/set3?deck=86a41170706911ea9e020b3122d34969,,,,,,
8,"Syndra, Ahri, Jayce lvl 3",,,https://lolchess.gg/builder/set3?deck=8a71d6506ed611eaa19b03ee5d9f3ba0,,,,,,
9,"Vel'Koz or Syndra3, Annie3",,,https://lolchess.gg/builder/set3?deck=fd109d506ede11ea93fe156b9d54bcbb,,,,,,
10,"Jayc3, Morde3",,,https://lolchess.gg/builder/set3?deck=9f7fe8d06d2b11ea817bef164f7b46a8,,,,,,
11,"Neeko3, Syndra3, Ahri3",,,https://lolchess.gg/builder/set3?deck=ab3191a06d2b11ea95854182d842c7e7,,,,,,
